User_ID,Product_ID,Gender,Age,Occupation,City_Category,Stay_In_Current_City_Years,Marital_Status,Product_Category_1,Product_Category_2,Product_Category_3,Purchase
1002419,P00331042,M,26-35,0,B,3,1,5,8.0,,8758
1004517,P00330642,F,18-25,1,A,0,1,5,,,3745
1001470,P00032542,M,18-25,4,A,1,1,8,,,2156
1005157,P00285342,M,36-45,1,C,2,1,5,8.0,,7000
1005744,P00031042,F,26-35,4,A,2,0,8,,,9937
1002670,P00343042,M,36-45,6,B,1,0,5,18.0,,5270
1003487,P00135542,M,18-25,4,A,1,1,13,,,382
1005239,P00222542,M,36-45,7,B,2,1,5,8.0,,6934
1001449,P00316142,M,36-45,20,A,1,1,5,,,3572
1001758,P00061142,F,26-35,0,B,1,0,8,16.0,,5981
1005120,P00343442,M,51-55,7,A,2,0,12,,,1070
1005511,P0098242,M,46-50,1,B,1,1,1,16.0,,19311
1000517,P00289042,F,26-35,14,A,1,0,8,,,9699
1005426,P00182242,M,26-35,14,C,1,0,1,5.0,6.0,15749
1003516,P00201342,M,18-25,4,C,0,0,1,2.0,9.0,15475
1003327,P00000642,M,18-25,12,B,4+,0,1,6.0,16.0,15510
1001244,P00019342,M,26-35,4,A,4+,1,1,6.0,15.0,15467
1005140,P00187842,M,26-35,6,B,2,0,1,16.0,,11794
1002900,P00147942,M,18-25,12,C,2,1,1,16.0,,19271
1001884,P00287842,M,46-50,20,B,1,1,8,18.0,,8113
1005576,P00286742,M,26-35,4,C,3,0,1,16.0,,19348
1000511,P00196742,F,46-50,4,C,1,1,8,,,2047
1005680,P00174642,M,51-55,20,A,4+,1,8,14.0,17.0,8087
1001780,P00177942,M,36-45,1,B,0,0,5,8.0,,5385
1005684,P00266142,M,18-25,16,A,1,0,5,11.0,,5376
1004083,P00318942,M,55+,14,A,0,0,8,16.0,,6132
1005960,P00337142,F,46-50,0,C,1,1,12,,,1067
1001113,P00139542,M,18-25,4,B,3,0,5,,,5253
1002262,P00106042,M,46-50,17,C,1,1,5,,,7025
1004733,P00171542,M,18-25,18,C,1,0,2,5.0,14.0,6941
1003512,P00120042,M,18-25,17,A,2,0,1,2.0,,15230
1003531,P00294842,F,26-35,11,C,1,1,8,,,5870
1004021,P00195942,M,51-55,20,B,1,1,3,4.0,,13231
1005248,P00183242,F,46-50,14,B,1,1,5,15.0,,5448
1004765,P00166942,F,36-45,16,B,3,1,2,4.0,5.0,12787
1005046,P00228442,M,26-35,16,A,0,0,1,17.0,,15292
1005857,P00181542,F,46-50,2,B,2,0,11,16.0,,1716
1002030,P00287842,M,26-35,4,B,1,0,8,18.0,,9919
1003403,P00127442,M,36-45,5,C,1,0,1,2.0,15.0,15368
1004335,P00019842,M,36-45,0,B,3,0,5,,,5396
1003976,P00106042,F,26-35,0,B,4+,0,5,,,8843
1000293,P00170442,M,55+,1,C,1,1,5,,,8665
1004852,P00344442,M,36-45,0,C,3,1,5,8.0,14.0,7085
1004387,P00036642,F,18-25,4,B,0,0,8,,,4054
1003576,P00033442,M,51-55,7,B,3,1,4,,,2129
1003836,P00288942,F,51-55,8,B,1,0,1,2.0,5.0,15619
1003766,P00251242,F,18-25,1,B,1,0,5,11.0,,5467
1002251,P00001942,M,36-45,14,A,3,0,5,,,1812
1004238,P00340942,M,36-45,16,B,3,0,8,,,6005
1002627,P00127242,M,26-35,1,B,2,1,1,16.0,,7596
1000136,P00169742,M,18-25,2,B,3,0,1,8.0,15.0,4383
1004460,P00112142,M,26-35,14,C,4+,0,1,2.0,14.0,15510
1000889,P00038742,M,46-50,20,A,1,0,11,,,4469
1004600,P00132842,M,26-35,0,C,2,1,1,5.0,,15904
1004386,P00037042,M,26-35,5,B,1,0,1,15.0,,11849
1003029,P00302542,M,18-25,4,A,4+,0,5,,,3715
1005982,P00014542,M,36-45,1,B,4+,0,8,,,10060
1005100,P00084042,M,51-55,6,B,1,1,12,14.0,,1717
1000460,P00282642,M,46-50,18,C,2,0,5,,,8735
1004888,P00173042,F,55+,0,B,4+,0,13,15.0,16.0,562
1002451,P00157542,M,46-50,12,C,1,1,8,14.0,,5985
1002156,P00144642,M,18-25,19,C,4+,0,1,15.0,16.0,11817
1003885,P00313842,M,26-35,12,B,4+,1,1,2.0,17.0,18953
1004210,P00244042,M,26-35,17,C,0,0,1,2.0,15.0,11422
1000424,P00110542,M,26-35,17,A,3,0,8,,,10047
1000225,P00100842,M,26-35,7,A,0,0,5,,,6948
1002380,P00247042,M,26-35,4,A,0,1,5,14.0,,7169
1000695,P00350442,F,18-25,1,A,2,0,2,3.0,15.0,10114
1005645,P00339342,M,26-35,2,B,3,0,1,,,19498
1000850,P00361842,M,36-45,0,A,3,1,15,16.0,,12911
1002853,P00046742,M,0-17,1,C,2,0,1,2.0,15.0,8039
1001465,P00368442,M,51-55,16,B,4+,1,11,,,7425
1001697,P00006142,F,18-25,4,B,3,0,8,,,9785
1003430,P0096442,F,46-50,1,B,1,1,4,5.0,12.0,2744
1004888,P00195042,F,55+,0,B,4+,0,6,8.0,14.0,20401
1002753,P00211242,F,51-55,20,B,1,1,8,12.0,,4009
1003189,P00144042,M,26-35,16,A,1,0,2,3.0,4.0,9547
1001535,P00321742,F,18-25,20,C,3,0,5,8.0,17.0,1987
1001100,P00005942,M,26-35,0,B,0,1,2,4.0,9.0,13162
1001297,P00240142,M,26-35,7,A,4+,0,5,,,8600
1000208,P00071442,M,36-45,17,C,1,1,15,17.0,,8367
1000927,P00157542,F,26-35,20,C,1,1,8,14.0,,8001
1002568,P00250242,M,26-35,17,C,1,0,5,,,8617
1003710,P00362342,M,0-17,10,C,1,0,5,,,8846
1005831,P00261242,M,26-35,1,A,2,1,1,17.0,,11675
1003253,P00323542,F,36-45,4,B,3,0,8,18.0,,9776
1000357,P00150942,M,18-25,0,A,4+,0,6,11.0,13.0,4489
1004567,P00248942,M,18-25,4,A,0,0,1,6.0,14.0,19132
1000125,P00274142,M,46-50,14,B,3,1,1,,,19234
1004738,P00184942,M,55+,1,C,1,0,1,8.0,17.0,19098
1004705,P00190042,F,18-25,0,C,0,1,3,4.0,5.0,13496
1004508,P00188542,M,26-35,20,A,2,0,5,8.0,14.0,6956
1004367,P00329242,M,36-45,0,C,1,0,5,14.0,,5412
1004884,P00210942,M,36-45,14,B,1,0,5,12.0,,6884
1005182,P00039742,F,36-45,7,B,4+,1,5,,,5191
1004115,P00178242,M,26-35,15,B,1,0,8,,,7775
1004958,P00035842,M,18-25,7,B,1,0,5,6.0,9.0,6889
1002038,P00058042,F,46-50,1,B,3,1,8,16.0,,8048
1003475,P00084842,M,26-35,14,A,1,0,8,16.0,,10051
1005573,P00005742,F,36-45,1,B,1,1,8,14.0,,4091
1001358,P00345842,M,36-45,17,C,1,1,2,8.0,14.0,6857
1000118,P00100842,M,36-45,17,C,4+,0,5,,,5266
1005522,P00206642,M,26-35,14,B,0,0,5,,,5210
1004979,P00233542,M,36-45,2,B,1,1,1,15.0,,8028
1003780,P00059642,M,0-17,0,C,0,0,1,2.0,3.0,19288
1000854,P00021742,F,26-35,16,B,1,0,5,,,5264
1003987,P00330242,F,18-25,4,C,2,0,5,,,5389
1005416,P00343142,F,26-35,5,C,3,0,2,4.0,,9900
1001374,P00003442,M,51-55,1,B,3,0,4,5.0,8.0,2750
1002724,P00032842,F,46-50,2,A,3,1,8,,,8032
1000791,P00350942,M,36-45,7,B,1,0,3,4.0,5.0,10915
1003830,P00030142,M,18-25,4,C,1,0,8,,,7956
1000119,P00228642,F,0-17,10,C,1,0,5,18.0,,7138
1005561,P00039542,F,26-35,3,C,0,1,8,,,4007
1000478,P00112342,M,51-55,16,A,2,0,13,16.0,,776
1003871,P00336942,M,18-25,4,C,4+,0,5,,,6988
1003745,P00042842,F,26-35,9,C,4+,0,5,,,7072
1005872,P00247042,M,26-35,17,C,1,1,5,14.0,,5348
1000298,P00350942,F,18-25,4,C,2,0,3,4.0,5.0,13211
1004182,P00112542,M,26-35,18,C,3,0,1,11.0,15.0,19697
1004438,P00327242,M,51-55,0,C,2,0,5,8.0,,3545
1002380,P00369342,M,26-35,4,A,0,1,11,,,1660
1002592,P00292942,M,51-55,7,B,1,1,5,14.0,,5347
1003833,P00221342,M,26-35,1,B,2,0,1,2.0,5.0,11665
1002002,P00137242,F,55+,13,C,2,1,5,,,5369
1004204,P00255942,M,36-45,7,C,4+,0,1,16.0,,15291
1002304,P00184242,M,46-50,12,B,2,1,9,15.0,,9182
1005158,P00236042,F,18-25,4,C,4+,0,5,,,7122
1001193,P00051442,M,26-35,12,C,3,1,8,17.0,,9806
1002941,P00245642,M,36-45,12,B,1,1,5,11.0,12.0,7194
1004611,P00184942,F,18-25,4,A,2,0,1,8.0,17.0,15818
1004303,P00031042,M,26-35,2,B,3,0,8,,,7980
1004902,P00267042,M,36-45,14,C,4+,1,3,4.0,,5606
1001912,P00272842,M,26-35,4,A,1,1,5,14.0,,3520
1000757,P00230942,M,26-35,12,A,1,0,5,14.0,,5180
1000069,P0097742,F,26-35,1,A,1,0,8,,,9767
1002031,P00198742,M,36-45,20,A,3,0,1,2.0,11.0,11651
1002634,P00357642,M,55+,1,A,3,1,5,,,7098
1001758,P00155442,F,26-35,0,B,1,0,1,11.0,15.0,8028
1005733,P00291442,M,26-35,4,B,2,0,5,8.0,,6853
1005667,P00090942,M,36-45,7,B,1,1,1,2.0,14.0,15914
1004277,P00241742,M,36-45,16,A,0,0,5,,,7042
1002109,P00331342,M,26-35,16,B,2,0,8,16.0,,8086
1001659,P00327842,F,18-25,9,C,4+,1,8,16.0,,9760
1000757,P00184842,M,26-35,12,A,1,0,5,6.0,,5193
1000891,P00276642,M,26-35,1,C,4+,0,8,11.0,,7988
1002368,P00222742,F,55+,13,C,1,0,8,16.0,,8143
1001327,P00213042,M,0-17,10,B,0,0,1,2.0,15.0,4084
1004715,P00249542,M,26-35,2,B,3,0,1,5.0,15.0,15569
1000816,P00187442,M,46-50,0,C,2,0,2,4.0,5.0,9587
1002885,P00291242,F,18-25,1,A,2,0,8,,,10060
1002453,P00046142,M,26-35,7,B,0,0,1,16.0,,19271
1000227,P00263542,M,36-45,20,B,0,0,16,,,16307
1003648,P00266642,M,18-25,4,B,1,0,1,8.0,9.0,12115
1000729,P00221342,M,36-45,12,C,0,0,1,2.0,5.0,15455
1000678,P00123042,M,26-35,0,A,0,1,11,,,4669
1003594,P00283942,M,0-17,0,B,0,0,5,,,8814
1004485,P00003642,M,26-35,4,C,1,0,8,,,8053
1004946,P00083842,F,36-45,1,B,1,0,5,14.0,,7126
1004704,P00183342,M,18-25,20,C,1,0,5,15.0,18.0,6934
1002650,P00288642,M,46-50,7,C,1,0,16,,,12634
1001841,P00010942,M,18-25,0,C,2,0,1,2.0,6.0,11654
1001137,P00026042,M,18-25,4,B,4+,0,8,14.0,17.0,4057
1002380,P00115642,M,26-35,4,A,0,1,8,14.0,,7929
1002003,P00142442,M,0-17,10,C,1,0,4,8.0,,1470
1003677,P00001642,F,26-35,12,C,1,0,8,16.0,,9810
1003471,P00050342,M,18-25,4,A,1,0,5,8.0,17.0,3704
1005027,P00220442,F,26-35,14,C,1,1,5,14.0,,7187
1003143,P00295742,F,51-55,16,C,1,1,8,,,2303
1002988,P00251842,F,18-25,6,A,1,0,1,15.0,16.0,3850
1005151,P00278442,M,18-25,19,C,1,0,11,,,1632
1005312,P00046742,M,26-35,1,A,1,0,1,2.0,15.0,19322
1002846,P00085942,F,18-25,4,C,4+,0,2,4.0,8.0,12764
1001815,P00053842,M,0-17,1,C,1,0,4,5.0,12.0,3434
1004788,P0097342,M,36-45,7,B,4+,0,1,15.0,16.0,15865
1004705,P00165842,F,18-25,0,C,0,1,14,,,11396
1000760,P00177842,M,55+,15,A,4+,1,8,,,9863
1003859,P00119642,M,26-35,0,C,1,0,1,2.0,8.0,15265
1000973,P00154642,F,26-35,1,C,1,1,8,,,4078
1003957,P00127642,M,36-45,11,B,1,0,1,2.0,15.0,18961
1003679,P00131042,M,26-35,4,A,2,0,8,,,5874
1001130,P00128942,M,18-25,7,C,1,0,1,11.0,,19153
1002872,P00036242,M,26-35,20,B,1,0,5,8.0,,7084
1001050,P00219942,M,26-35,1,B,1,0,6,16.0,,16001
1006003,P00080342,F,46-50,17,C,1,0,1,6.0,8.0,19331
1001527,P00274942,M,18-25,10,C,1,1,8,,,6096
1002853,P00021742,M,0-17,1,C,2,0,5,,,1977
1000242,P00321342,F,18-25,4,A,3,0,1,,,7784
1001926,P00058042,F,0-17,0,B,1,0,8,16.0,,9847
1004175,P00282942,M,36-45,0,C,1,0,5,,,1904
1002289,P00219042,F,51-55,1,C,1,1,5,,,1982
1000355,P00370242,M,18-25,3,B,2,0,5,,,7003
1005754,P00321742,F,18-25,1,A,2,0,5,8.0,17.0,5400
1005026,P00303342,M,26-35,17,B,1,1,1,16.0,,11706
1001449,P00137542,M,36-45,20,A,1,1,1,8.0,16.0,7659
1000881,P00213342,M,18-25,14,A,1,0,5,,,5235
1001050,P00042842,M,26-35,1,B,1,0,5,,,6942
1001899,P00360542,F,46-50,6,A,1,1,16,,,16296
1002453,P00251242,M,26-35,7,B,0,0,5,11.0,,3473
1003685,P00028842,M,26-35,5,C,1,1,6,8.0,,20362
1003945,P00253142,F,46-50,1,B,2,0,1,2.0,5.0,11973
1004800,P00250642,M,18-25,4,A,1,0,11,,,6023
1005493,P00125442,M,36-45,12,B,3,0,8,,,5991
1004479,P00341342,M,51-55,13,C,2,1,1,8.0,17.0,15786
1001667,P00289842,M,51-55,16,B,4+,0,1,16.0,,11903
1004827,P00189042,M,36-45,0,C,0,1,8,,,3975
1004140,P00020342,M,26-35,0,B,4+,0,1,2.0,,12017
1004412,P00009342,M,18-25,4,C,1,0,1,16.0,,11797
1001059,P00204842,F,26-35,0,B,3,0,8,,,6114
1004492,P00021742,M,55+,13,C,1,0,5,,,7052
1001776,P00221642,M,26-35,0,B,4+,1,5,15.0,,3734
1004227,P00127542,M,26-35,19,A,0,0,1,2.0,15.0,7763
1000368,P00073842,M,26-35,0,C,1,0,1,15.0,17.0,15841
1004279,P00196842,M,26-35,16,B,1,0,5,11.0,,5405
1001064,P00045242,M,26-35,7,C,1,0,1,8.0,17.0,7617
1005428,P00194542,F,26-35,6,B,4+,0,8,14.0,,8009
1003940,P00057342,M,36-45,20,B,3,1,4,5.0,,1490
1005302,P00082442,F,0-17,10,A,1,0,4,5.0,,1381
1001160,P00220342,M,18-25,14,C,1,0,5,,,7006
1001021,P00051442,M,36-45,0,C,3,0,8,17.0,,10073
1005523,P00227942,M,36-45,0,B,2,1,2,5.0,,12851
1004647,P00145642,M,36-45,20,B,1,1,1,8.0,17.0,11694
1003777,P00294542,M,18-25,4,B,0,0,8,,,8020
1004404,P00284942,M,26-35,1,B,1,0,16,,,8776
1003979,P00058142,F,51-55,9,C,1,1,3,4.0,12.0,13425
1004016,P00123842,M,51-55,0,B,1,0,11,15.0,,4609
1003999,P00049442,M,36-45,17,B,4+,0,1,8.0,,15568
1000107,P00117642,M,46-50,18,C,4+,0,10,16.0,,14634
1001882,P00207942,M,36-45,16,C,4+,0,6,8.0,,15919
1003021,P00288642,F,46-50,15,C,1,1,16,,,12782
1002684,P00118742,F,18-25,0,C,3,1,5,11.0,,7000
1000897,P00181842,M,26-35,6,B,4+,0,11,,,6049
1003476,P00023142,M,51-55,0,B,2,1,5,14.0,,7038
1002146,P00000642,M,18-25,2,C,3,1,1,6.0,16.0,15821
1002233,P00144242,F,36-45,3,B,2,1,5,14.0,,5375
1001339,P00218642,M,36-45,18,C,2,0,5,,,1813
1004611,P00326742,F,18-25,4,A,2,0,11,,,6167
1001889,P00042142,M,18-25,14,B,2,0,1,2.0,6.0,11439
1000339,P00010742,M,51-55,7,C,1,1,1,8.0,17.0,15600
1004054,P00178642,M,36-45,3,B,1,0,5,15.0,,8650
1000028,P00270242,F,26-35,1,C,2,1,8,,,7839
1002887,P00064142,M,26-35,3,B,3,1,16,,,12346
1000588,P00188542,F,26-35,11,B,1,0,5,8.0,14.0,6997
1002668,P00138542,F,26-35,4,A,3,1,5,6.0,,6958
1003483,P00068442,F,46-50,7,B,0,1,18,,,3123
1001097,P00074442,M,18-25,17,A,4+,0,1,16.0,,11588
1005371,P00184942,M,26-35,11,A,0,0,1,8.0,17.0,15783
1004079,P00275842,M,36-45,17,B,3,1,2,9.0,15.0,16275
1005266,P00205642,M,36-45,1,C,1,0,5,8.0,,5384
1004507,P00207942,M,18-25,4,B,1,1,6,8.0,,16217
1005627,P00194342,M,26-35,0,A,4+,1,3,4.0,,8203
1000306,P00270942,M,18-25,0,C,3,0,1,2.0,15.0,15705
1004238,P00259042,M,36-45,16,B,3,0,5,,,5311
1004653,P00048142,M,36-45,12,B,3,1,1,16.0,,7669
1003608,P00304042,F,36-45,9,C,1,0,5,,,5452
1002029,P00139942,F,26-35,12,A,0,0,5,,,8879
1001268,P00217942,M,51-55,2,B,1,1,5,,,3610
1000509,P00196142,M,26-35,2,A,0,1,3,4.0,5.0,8404
1001100,P00106042,M,26-35,0,B,0,1,5,,,8771
1003475,P00282042,M,26-35,14,A,1,0,5,15.0,,1884
1003526,P00128042,M,36-45,2,B,1,1,1,5.0,18.0,11828
1000198,P00016042,M,26-35,12,A,0,1,1,16.0,,11710
1006006,P00294042,F,0-17,0,C,1,0,8,14.0,,7924
1003476,P00218642,M,51-55,0,B,2,1,5,,,1770
1003476,P00124242,M,51-55,0,B,2,1,11,14.0,,1712
1000337,P00079142,M,18-25,19,C,0,0,11,,,1607
1002986,P00216342,M,26-35,4,A,2,1,3,4.0,5.0,10782
1001879,P00065242,M,26-35,4,C,1,1,2,3.0,4.0,9577
1000551,P00293742,M,36-45,20,A,4+,1,8,,,5892
1003169,P00274142,M,51-55,0,C,2,0,1,,,15494
1002383,P00084342,F,26-35,14,B,3,0,13,16.0,,764
1001303,P00003642,M,26-35,19,A,4+,0,8,,,5822
1003589,P00001542,F,46-50,0,B,1,1,1,2.0,14.0,15349
1004041,P00162442,M,18-25,3,B,2,0,1,16.0,,11482
1000760,P00214142,M,55+,15,A,4+,1,8,,,10025
1000300,P00316642,M,26-35,7,B,4+,1,4,5.0,,3429
1001579,P00132642,M,26-35,0,A,0,0,1,,,7954
1001422,P00145842,M,36-45,17,B,3,0,4,5.0,,2062
1003934,P00112142,M,26-35,0,B,2,0,1,2.0,14.0,11844
1004302,P00031042,M,51-55,1,C,1,0,8,,,9853
1002251,P00263442,M,36-45,14,A,3,0,16,,,8211
1000757,P00143642,M,26-35,12,A,1,0,1,2.0,6.0,7919
1004510,P00236542,M,46-50,7,A,4+,1,8,11.0,,1999
1003795,P00152342,F,18-25,4,C,3,1,8,,,7851
1003119,P00046742,M,46-50,1,C,4+,1,1,2.0,15.0,15316
1005153,P00184942,M,26-35,7,B,3,0,1,8.0,17.0,15205
1004079,P00058642,M,36-45,17,B,3,1,18,,,3783
1003770,P00140742,F,36-45,3,C,1,1,1,15.0,,19345
1003185,P00086442,M,18-25,7,C,2,1,8,13.0,15.0,9907
1000966,P00153742,M,55+,2,C,4+,0,8,,,9989
1002529,P0094642,F,36-45,9,A,3,0,4,5.0,,2786
1001717,P00113042,F,51-55,6,B,1,0,11,16.0,,5998
1000107,P00203142,M,46-50,18,C,4+,0,16,,,16886
1000504,P00312742,M,26-35,2,C,2,0,15,,,16620
1003283,P00112542,M,36-45,16,C,0,1,1,11.0,15.0,15627
1004506,P00071442,M,51-55,16,B,2,0,15,17.0,,21482
1005759,P00102142,F,26-35,1,A,2,0,13,16.0,,386
1005330,P00113942,F,26-35,0,C,2,0,8,,,7792
1001010,P00000642,M,26-35,0,A,1,0,1,6.0,16.0,3950
1000687,P00074042,F,26-35,7,C,4+,0,16,,,8100
1001088,P00303742,F,0-17,10,A,3,0,8,,,6136
1000148,P00274142,M,51-55,17,B,3,1,1,,,15599
1002638,P00313242,M,26-35,14,B,2,0,8,,,7764
1002305,P00209842,M,51-55,20,A,1,1,5,8.0,,8604
1005483,P00052142,F,26-35,6,B,3,0,8,14.0,,10054
1003453,P00217442,M,36-45,7,C,1,0,1,2.0,11.0,11748
1000165,P00295342,M,18-25,16,A,1,0,2,8.0,,12697
1003626,P00039542,M,26-35,17,B,3,0,8,,,9806
1004728,P00120342,M,26-35,19,B,3,0,5,17.0,,7067
1003123,P00284042,M,26-35,2,B,3,0,8,17.0,,6166
1001354,P00068442,F,26-35,2,B,3,0,18,,,2391
1003387,P00174242,M,18-25,1,B,3,1,15,16.0,,13057
1003932,P00227042,M,26-35,7,C,0,1,11,,,6097
1002967,P00003442,M,26-35,0,A,1,0,4,5.0,8.0,2175
1003590,P00223942,F,18-25,15,A,1,0,5,8.0,,5417
1000690,P00319042,M,26-35,12,C,3,0,5,,,8626
1001685,P00196442,M,36-45,12,B,1,0,5,,,7175
1005543,P00178942,M,26-35,17,A,2,0,5,8.0,,8776
1001489,P00215742,F,36-45,2,A,2,1,5,16.0,,5250
1002321,P00317842,M,26-35,7,B,4+,1,8,,,6163
1004035,P00021742,M,18-25,4,C,1,1,5,,,8687
1004345,P00211142,F,26-35,14,B,1,0,5,,,6852
1001296,P00028842,M,0-17,0,C,4+,0,6,8.0,,16695
1002216,P00184442,F,26-35,20,C,0,0,1,6.0,8.0,7856
1002909,P00002042,M,26-35,7,A,1,0,1,,,15898
1005696,P00237542,F,26-35,14,C,1,1,1,15.0,16.0,19472
1002402,P00052242,M,46-50,17,B,4+,0,8,,,4056
1003620,P00360842,M,26-35,7,A,1,0,5,,,5440
1003626,P00282342,M,26-35,17,B,3,0,2,,,10037
1005303,P00115142,F,55+,6,C,3,1,1,8.0,17.0,11477
1005517,P00202342,M,55+,0,C,2,1,16,,,16898
1004117,P00283942,M,18-25,4,B,4+,0,5,,,6889
1002024,P00196542,M,0-17,19,C,2,0,5,8.0,14.0,5380
1004447,P00227742,M,46-50,5,B,0,1,5,14.0,,5253
1003580,P00198742,F,18-25,3,C,0,0,1,2.0,11.0,19158
1003610,P00014042,M,18-25,6,B,4+,0,1,,,15647
1005506,P00196042,F,18-25,14,A,1,0,4,9.0,15.0,2831
1004322,P00046142,F,51-55,6,B,1,0,1,16.0,,15725
1003410,P00010842,M,36-45,1,B,3,1,8,16.0,,9726
1003393,P00062842,M,36-45,12,C,3,1,1,2.0,13.0,11480
1001778,P00165842,M,18-25,4,B,1,0,14,,,11498
1005312,P00181842,M,26-35,1,A,1,0,11,,,6050
1002285,P00293342,F,0-17,10,B,3,0,8,,,7967
1002756,P00112142,M,18-25,4,C,2,0,1,2.0,14.0,15780
1004593,P00370242,F,46-50,1,B,0,1,5,,,6891
1005762,P00120342,F,36-45,6,A,2,1,5,17.0,,8641
1003665,P00120042,M,26-35,0,A,2,0,1,2.0,,19707
1002796,P00250642,M,26-35,14,B,3,0,11,,,1708
1001451,P00228642,M,36-45,20,B,0,0,5,18.0,,6907
1005367,P00358342,M,18-25,4,A,1,0,11,15.0,16.0,4500
1005915,P00070442,M,18-25,4,C,0,0,1,15.0,,4484
1005179,P00279542,M,26-35,12,A,0,1,8,,,10009
1001450,P00321942,M,18-25,4,B,2,1,5,,,3708
1005038,P00189842,M,26-35,20,B,0,0,3,4.0,5.0,10931
1000403,P00176542,M,18-25,4,A,2,0,8,14.0,17.0,8113
1004869,P00188542,F,46-50,6,C,3,1,5,8.0,14.0,5463
1001635,P00102142,M,26-35,0,B,1,0,13,16.0,,195
1004555,P00017442,F,18-25,9,C,1,1,8,14.0,,2136
1005720,P00117442,M,26-35,0,A,0,0,5,14.0,,5191
1002391,P00233942,M,51-55,18,C,4+,0,1,15.0,,11659
1002638,P00126142,M,26-35,14,B,2,0,8,16.0,,9731
1005277,P00128942,M,26-35,20,B,2,0,1,11.0,,19108
1003600,P00282442,M,36-45,20,B,4+,1,5,8.0,18.0,6984
1004227,P00123842,M,26-35,19,A,0,0,11,15.0,,4592
1002092,P00364842,M,55+,1,B,4+,1,5,16.0,,6891
1003209,P00037542,M,26-35,0,C,3,0,1,,,4041
1000999,P00032042,M,26-35,15,B,2,0,1,2.0,15.0,11864
1005689,P00034042,M,26-35,0,B,3,0,1,2.0,16.0,19212
1002225,P00089142,M,26-35,5,B,1,1,5,,,5186
1005018,P00323742,F,55+,12,C,1,1,8,,,7876
1002544,P00339042,M,46-50,1,B,1,0,5,,,5219
1004118,P00289942,M,26-35,3,C,3,0,3,4.0,5.0,13277
1001176,P00270942,M,55+,1,C,1,1,1,2.0,15.0,19350
1006016,P00214442,M,46-50,1,B,1,1,8,,,5903
1004028,P00187042,M,26-35,4,A,2,0,2,4.0,5.0,3708
1002010,P00346342,M,18-25,4,B,0,0,1,15.0,,11972
1000011,P00256242,F,26-35,1,C,1,0,5,8.0,,7110
1001423,P00129642,M,26-35,4,C,2,1,5,,,8611
1004227,P00112542,M,26-35,19,A,0,0,1,11.0,15.0,19374
1001053,P00162042,M,36-45,0,C,2,1,1,6.0,,15627
1004956,P00331842,M,36-45,15,B,1,1,16,,,16606
1004510,P00037442,M,46-50,7,A,4+,1,18,,,1577
1003582,P00145042,F,36-45,0,C,1,0,1,2.0,5.0,15574
1001244,P00205442,M,26-35,4,A,4+,1,5,8.0,14.0,8873
1002504,P00233342,M,26-35,7,A,2,1,1,15.0,16.0,7634
1003272,P00266142,M,36-45,0,B,1,0,5,11.0,,6933
1003949,P00328742,M,46-50,0,C,3,0,1,17.0,,15793
1001599,P00282042,M,26-35,0,A,1,0,5,15.0,,6992
1001285,P00218542,M,36-45,4,A,0,1,11,15.0,,1520
1003705,P00315942,M,46-50,7,B,1,1,1,2.0,,15171
1000123,P00034742,M,36-45,9,B,4+,1,5,14.0,17.0,8646
1003300,P00346042,M,36-45,5,B,1,0,6,8.0,15.0,12435
1003308,P00323942,F,18-25,20,B,3,1,8,15.0,,9996
1004243,P00103042,M,55+,7,C,2,1,1,14.0,,11760
1004984,P00130142,M,36-45,0,A,1,1,8,,,8038
1001842,P00111942,M,18-25,4,B,1,0,8,17.0,,9845
1004048,P00261842,F,36-45,1,B,1,0,2,14.0,,13269
1001059,P00195942,F,26-35,0,B,3,0,3,4.0,,2851
1004866,P00211142,M,55+,12,C,2,1,5,,,8725
1001635,P00145042,M,26-35,0,B,1,0,1,2.0,5.0,15466
1000937,P00309242,M,26-35,15,A,2,1,5,8.0,,7152
1005096,P00052842,M,26-35,11,B,2,0,10,15.0,,23665
1005114,P00328742,F,0-17,10,C,2,0,1,17.0,,4400
1001941,P00226342,M,36-45,17,A,1,0,11,15.0,,3217
1004644,P00294842,M,51-55,1,C,4+,0,8,,,4001
1002691,P00287842,M,18-25,4,B,2,0,8,18.0,,9989
1003616,P00233542,M,46-50,0,C,2,1,1,15.0,,15259
1004397,P00240142,M,18-25,4,C,3,0,5,,,3567
1002575,P00145642,M,36-45,7,C,4+,0,1,8.0,17.0,15776
1005433,P00057242,F,36-45,17,B,3,1,5,,,6877
1005443,P00144242,M,26-35,12,B,2,0,5,14.0,,7047
1004083,P00304442,M,55+,14,A,0,0,1,16.0,,11588
1002665,P00207442,M,36-45,11,B,1,0,16,,,16728
1000922,P00123742,M,55+,16,B,2,1,11,,,7616
1004615,P00031042,M,26-35,17,C,1,1,8,,,9843
1004352,P00165442,M,18-25,4,B,0,0,1,15.0,16.0,15303
1004683,P00241642,M,26-35,0,C,0,0,1,2.0,11.0,15480
1005005,P00348342,M,46-50,16,B,2,0,8,17.0,,5946
1002492,P00346242,F,46-50,2,C,4+,1,1,15.0,,11684
1003098,P00112742,M,26-35,4,A,1,1,2,14.0,,9930
1005501,P00233442,M,26-35,2,A,3,0,1,2.0,15.0,11600
1005787,P00266642,M,26-35,20,B,0,0,1,8.0,9.0,15479
1005278,P00043342,F,26-35,7,B,1,0,8,14.0,,9769
1004397,P00105142,M,18-25,4,C,3,0,1,2.0,15.0,12013
1005996,P00053042,F,26-35,0,B,1,1,5,14.0,16.0,5402
1003652,P00208942,M,26-35,12,B,3,0,6,,,16314
1005874,P00131042,M,26-35,4,B,1,0,8,,,7813
1000891,P00240242,M,26-35,1,C,4+,0,1,15.0,16.0,15615
1004821,P00006142,M,18-25,19,C,1,0,8,,,9960
1002025,P00005042,M,55+,13,C,3,0,6,16.0,,16655
1002414,P00178842,M,26-35,1,C,4+,1,2,4.0,9.0,16378
1000308,P00115942,M,26-35,2,A,3,1,8,17.0,,7788
1001687,P00251442,M,26-35,3,A,1,0,5,,,8729
1000131,P00014842,M,18-25,4,C,4+,0,1,2.0,5.0,4405
1003178,P00129342,F,36-45,5,A,4+,0,1,5.0,15.0,4225
1001354,P00275642,F,26-35,2,B,3,0,8,,,8098
1004447,P00124842,M,46-50,5,B,0,1,11,,,5996
1001884,P00089242,M,46-50,20,B,1,1,2,5.0,,9657
1005890,P00188442,M,36-45,20,C,3,0,5,7.0,,6882
1002380,P00355642,M,26-35,4,A,0,1,16,,,8335
1002334,P00104842,F,55+,7,B,1,1,8,,,8062
1001273,P00103242,M,36-45,2,C,3,1,8,,,7987
1001768,P00178342,M,46-50,16,C,1,1,8,,,6037
1001496,P00199042,M,26-35,17,A,2,0,1,5.0,,4348
1003757,P00132042,M,26-35,7,B,1,0,13,16.0,,936
1004001,P00195342,F,26-35,1,B,1,1,2,5.0,,10061
1004310,P00113342,M,26-35,4,C,2,1,1,8.0,17.0,19643
1003451,P00234842,F,26-35,11,A,0,0,5,6.0,16.0,5426
1004220,P00209842,M,36-45,0,B,0,1,5,8.0,,6898
1000869,P00280542,M,18-25,20,A,4+,1,11,,,4481
1003422,P00004542,M,26-35,5,B,2,0,5,8.0,,3512
1004608,P00135142,F,26-35,0,B,3,0,13,16.0,,375
1003823,P00086342,M,55+,7,B,1,0,8,,,9770
1004661,P00046142,M,46-50,15,B,4+,1,1,16.0,,19227
1005636,P00304342,M,26-35,7,A,0,1,1,5.0,6.0,11969
1001448,P00236642,F,26-35,3,A,1,0,6,16.0,,16209
1003462,P00212542,F,26-35,4,B,3,0,8,14.0,,6121
1003807,P00123442,F,36-45,19,B,2,0,5,11.0,,5447
1001320,P00346342,M,26-35,4,A,2,0,1,15.0,,19268
1004088,P00309442,M,26-35,3,B,4+,1,8,,,9872
1000302,P00180642,M,18-25,4,B,4+,0,11,,,1683
1002776,P0099442,M,26-35,14,C,4+,0,6,8.0,,20627
1003201,P00108642,M,46-50,7,B,0,1,8,,,6131
1005448,P00183642,M,46-50,19,A,4+,0,4,5.0,9.0,2083
1001059,P00115342,F,26-35,0,B,3,0,5,8.0,14.0,6910
1004817,P00177142,M,26-35,1,C,1,0,8,13.0,,9970
1005349,P00192842,F,51-55,2,C,1,1,5,14.0,,8620
1004845,P00131242,F,26-35,1,B,3,0,8,,,5897
1003577,P00150342,F,55+,0,C,2,0,8,14.0,,2118
1000412,P00121242,M,36-45,15,A,1,1,2,,,16050
1002996,P00222942,M,18-25,0,B,1,0,1,2.0,8.0,11851
1005605,P00153642,F,18-25,2,A,0,0,8,,,2189
1002997,P00112442,F,36-45,16,C,2,0,6,8.0,,20622
1001615,P00370242,F,46-50,7,B,1,1,5,,,5303
1005504,P00144042,M,46-50,7,B,1,1,2,3.0,4.0,16472
1005108,P00036242,F,26-35,9,B,3,1,5,8.0,,5171
1003079,P00150142,F,26-35,1,A,2,1,8,,,9932
1004284,P00037042,M,51-55,7,B,1,0,1,15.0,,11407
1002304,P00030742,M,46-50,12,B,2,1,1,,,15496
1000797,P00028642,F,51-55,7,C,1,0,5,14.0,,5283
1003786,P00286642,F,26-35,0,B,4+,0,11,14.0,,3023
1001988,P00108842,F,26-35,1,B,2,0,5,15.0,,6936
1004058,P00100442,M,26-35,6,B,3,1,2,4.0,5.0,16330
1003485,P00120242,M,26-35,0,B,3,0,8,,,8128
1005059,P00118742,M,46-50,16,C,1,1,5,11.0,,3642
1000533,P00194642,M,26-35,12,A,1,0,1,6.0,13.0,11628
1003332,P00351042,M,26-35,7,B,2,1,5,,,3470
1000952,P00161942,M,55+,16,C,0,1,5,8.0,,7088
1002895,P00278542,M,26-35,11,B,4+,0,8,,,8100
1000710,P00206442,M,26-35,20,A,4+,0,1,5.0,9.0,11844
1002860,P00046142,M,36-45,17,A,2,0,1,16.0,,15303
1005367,P00327342,M,18-25,4,A,1,0,16,,,12556
1004921,P00184942,F,26-35,15,B,3,1,1,8.0,17.0,15319
1000169,P00116842,M,26-35,7,B,3,0,2,5.0,8.0,6640
1004449,P00146042,M,26-35,12,C,4+,1,1,13.0,15.0,11972
1004510,P00110742,M,46-50,7,A,4+,1,1,2.0,8.0,19614
1005100,P00297942,M,51-55,6,B,1,1,8,,,9900
1005681,P00073642,F,26-35,7,A,3,0,8,,,7912
1004318,P00002542,M,26-35,5,B,3,0,8,14.0,,9875
1002544,P00176242,M,46-50,1,B,1,0,8,,,9849
1003318,P00088242,M,55+,13,C,4+,1,6,10.0,13.0,16698
1004115,P00133442,M,26-35,15,B,1,0,1,16.0,,7879
1001842,P00006142,M,18-25,4,B,1,0,8,,,7787
1002453,P00197742,M,26-35,7,B,0,0,14,,,7355
1000014,P00276642,M,36-45,0,C,0,0,8,11.0,,5848
1000234,P00347142,M,36-45,7,C,2,0,5,,,5237
1005675,P00086142,M,36-45,14,A,2,0,5,,,6959
1005053,P00316242,M,26-35,4,C,3,0,5,,,1790
1000780,P00302442,M,26-35,17,B,3,0,5,6.0,,5206
1004250,P00125942,F,51-55,0,C,4+,1,1,2.0,15.0,15570
1002131,P00351342,M,26-35,0,B,1,0,1,2.0,16.0,15691
1001448,P00144642,F,26-35,3,A,1,0,1,15.0,16.0,19410
1004126,P00226642,M,26-35,17,B,1,0,5,6.0,,5392
1004620,P00112442,F,18-25,17,B,1,1,6,8.0,,20168
1002149,P00123142,M,26-35,0,C,2,0,11,,,4441
1001425,P0095342,M,0-17,10,B,1,0,2,4.0,,9994
1004693,P00184942,M,18-25,1,A,1,0,1,8.0,17.0,15246
1004354,P00183042,M,36-45,14,B,2,0,15,16.0,,21211
1000007,P00351142,M,36-45,1,B,1,1,1,8.0,17.0,15628
1005557,P00326642,M,36-45,14,C,1,1,8,,,9959
1003741,P00219942,M,26-35,0,C,1,0,6,16.0,,16084
1003050,P00111042,M,36-45,12,B,1,0,15,,,21558
1002330,P00110942,M,46-50,7,A,1,1,1,2.0,,15871
1004387,P00119142,F,18-25,4,B,0,0,3,4.0,12.0,13460
1001688,P00278642,F,18-25,4,C,4+,0,5,,,8693
1001002,P00113242,M,51-55,11,B,1,0,1,6.0,8.0,19340
1001396,P00227142,F,26-35,12,A,4+,1,5,,,3653
1002831,P00117842,M,26-35,0,C,4+,0,5,13.0,16.0,8798
1002736,P00115342,M,46-50,12,C,4+,0,5,8.0,14.0,3683
1004796,P00089542,M,36-45,7,A,4+,1,5,,,5247
1004474,P00135742,M,36-45,7,C,1,0,6,8.0,,16272
1002341,P00256642,M,55+,1,A,4+,0,5,,,6903
1000822,P00355242,F,26-35,1,B,0,1,5,8.0,,7179
1001051,P00337942,F,26-35,0,A,0,1,5,,,7177
1000045,P00214842,F,46-50,16,A,1,1,14,,,7672
1001925,P00116142,M,51-55,7,B,1,0,10,13.0,16.0,23429
1004528,P00265242,M,26-35,14,C,1,0,5,8.0,,8691
1001019,P00280742,M,36-45,1,A,4+,1,6,8.0,,8722
1000796,P00329742,M,51-55,6,B,4+,1,6,16.0,,12390
1005654,P00230842,M,26-35,4,A,3,1,8,,,7794
1003442,P00122442,M,18-25,12,B,3,0,1,11.0,15.0,19447
1004914,P00145442,F,26-35,1,B,4+,0,8,15.0,,6090
1005333,P00117442,F,26-35,7,A,4+,0,5,14.0,,5447
1000752,P00205142,F,26-35,3,A,3,0,8,,,2207
1005393,P00059542,M,36-45,7,C,2,0,2,4.0,,13082
1001273,P00254642,M,36-45,2,C,3,1,5,8.0,,7054
1001781,P00293842,F,36-45,0,C,2,0,1,2.0,9.0,11518
1004111,P00071442,M,26-35,15,B,4+,0,15,17.0,,16974
1004041,P00307542,M,18-25,3,B,2,0,1,15.0,,7636
1005522,P00217542,M,26-35,14,B,0,0,1,2.0,11.0,7997
1004705,P00124642,F,18-25,0,C,0,1,16,,,16172
1000229,P00137542,M,18-25,10,C,1,0,1,8.0,16.0,11662
1005749,P00303342,M,26-35,2,A,0,1,1,16.0,,8318
1003445,P00336742,F,36-45,20,C,1,0,12,,,1756
1000123,P00192842,M,36-45,9,B,4+,1,5,14.0,,5307
1004140,P00003242,M,26-35,0,B,4+,0,8,15.0,,6109
1000550,P00121542,M,46-50,8,B,1,1,8,15.0,,9768
1002507,P00139542,M,26-35,4,A,0,1,5,,,7025
1003761,P00115142,M,26-35,17,C,2,1,1,8.0,17.0,15471
1005395,P00324942,M,51-55,1,C,1,1,5,,,7153
1003889,P00291942,M,46-50,6,C,0,1,8,17.0,,9983
1000924,P00000642,M,51-55,17,C,1,1,1,6.0,16.0,15893
1005806,P00162242,F,51-55,1,B,2,0,1,8.0,,15209
1002251,P00205942,M,36-45,14,A,3,0,5,8.0,14.0,8689
1003018,P00194142,M,36-45,0,B,0,0,11,16.0,,3225
1005567,P00227642,M,51-55,3,B,0,1,1,5.0,14.0,11914
1000268,P00058042,F,18-25,12,C,1,0,8,16.0,,4188
1001949,P00005042,M,18-25,17,C,0,0,6,16.0,,20683
1004506,P00177442,M,51-55,16,B,2,0,1,6.0,8.0,19006
1004085,P00193142,F,26-35,6,A,1,0,5,,,6907
1000123,P00008042,M,36-45,9,B,4+,1,6,8.0,14.0,16623
1001088,P00112142,F,0-17,10,A,3,0,1,2.0,14.0,19049
1004980,P00137242,M,26-35,1,B,0,0,5,,,3565
1004183,P00130842,M,26-35,1,B,4+,0,5,14.0,,1719
1005353,P00120742,M,26-35,6,C,4+,1,8,12.0,17.0,5967
1005795,P00254842,M,26-35,1,A,1,1,5,13.0,,3681
1005643,P00294242,F,36-45,1,A,3,1,4,5.0,,2137
1004033,P0098342,M,26-35,6,B,1,0,1,2.0,,15904
1000283,P00080342,M,26-35,0,B,1,0,1,6.0,8.0,19311
1002143,P00182742,M,18-25,4,B,2,0,1,2.0,14.0,7990
1004021,P00236042,M,51-55,20,B,1,1,5,,,5449
1005271,P00221142,F,26-35,0,A,1,0,1,,,11550
1000831,P00112442,F,46-50,0,C,2,1,6,8.0,,15919
1000147,P00289242,M,18-25,4,B,4+,0,1,8.0,,15727
1002030,P00175842,M,26-35,4,B,1,0,5,,,6949
1003343,P00017542,F,18-25,4,B,1,0,5,,,8841
1000766,P00321742,F,26-35,7,C,3,1,5,8.0,17.0,7188
1003172,P00310342,M,18-25,12,A,0,0,6,8.0,,20681
1005678,P00216942,M,36-45,17,A,0,1,5,,,7021
1002496,P00085442,M,51-55,1,B,1,0,12,14.0,,1379
1005878,P00370242,F,26-35,0,A,4+,1,5,,,8593
1001875,P00100942,M,36-45,12,A,2,0,5,,,5146
1001817,P00110642,M,36-45,1,A,3,0,5,,,3657
1004528,P00230942,M,26-35,14,C,1,0,5,14.0,,5244
1001851,P00263542,M,26-35,19,B,4+,1,16,,,12746
1003896,P00178942,M,36-45,0,B,2,0,5,8.0,,1718
1001146,P00116842,F,18-25,16,B,2,1,2,5.0,8.0,13030
1003410,P00270842,M,36-45,1,B,3,1,5,,,5386
1002946,P00112542,M,36-45,16,A,0,1,1,11.0,15.0,15442
1000403,P00293242,M,18-25,4,A,2,0,8,16.0,,9728
1003913,P00051442,M,18-25,17,B,0,0,8,17.0,,9695
1005332,P00103042,M,18-25,4,C,2,0,1,14.0,,19689
1003717,P00144642,M,36-45,17,C,4+,0,1,15.0,16.0,7772
1005806,P00211242,F,51-55,1,B,2,0,8,12.0,,9816
1000482,P00240042,M,26-35,14,A,2,1,5,,,5368
1002764,P0096442,M,26-35,7,B,1,0,4,5.0,12.0,3543
1003217,P00190142,F,36-45,0,A,0,0,3,4.0,5.0,10661
1000308,P00071442,M,26-35,2,A,3,1,15,17.0,,21264
1005667,P00118542,M,36-45,7,B,1,1,5,8.0,,7150
1000073,P00127342,M,18-25,4,A,4+,0,1,2.0,15.0,15394
1005441,P00273742,M,51-55,7,C,0,1,1,17.0,,15843
1001194,P00222042,F,26-35,1,B,1,1,1,8.0,,4163
1005447,P00049642,M,46-50,2,A,3,0,8,14.0,,6034
1003311,P00072842,M,26-35,4,A,4+,0,5,8.0,,3474
1002382,P00178042,M,51-55,13,B,1,0,8,14.0,,9881
1005550,P00226742,M,36-45,15,B,2,0,11,,,6139
1002322,P00076042,F,55+,13,A,2,1,8,,,7893
1003620,P00280842,M,26-35,7,A,1,0,1,8.0,,11656
1000732,P00153842,M,26-35,7,B,4+,0,8,14.0,16.0,7961
1005225,P00250342,M,18-25,4,C,4+,1,16,,,16511
1003032,P00181742,M,26-35,0,A,1,1,11,16.0,,4510
1004795,P00086042,M,46-50,16,C,1,0,8,14.0,17.0,3981
1001015,P00021342,M,36-45,3,A,4+,1,5,8.0,,5326
1003415,P00044442,M,36-45,7,C,0,0,1,16.0,,15743
1004786,P00121642,M,46-50,6,B,1,1,5,14.0,,6973
1003038,P00119742,F,36-45,2,A,1,1,5,8.0,12.0,8808
1000368,P00370042,M,26-35,0,C,1,0,1,8.0,16.0,4023
1006005,P00258542,F,26-35,5,C,2,1,11,,,6016
1003509,P00307542,M,18-25,4,A,0,0,1,15.0,,12008
1005399,P00191442,M,26-35,1,C,1,1,1,2.0,15.0,15712
1000566,P00350442,M,26-35,17,A,3,0,2,3.0,15.0,13284
1003884,P00222842,M,18-25,4,A,1,1,8,,,4247
1000467,P00126142,F,36-45,3,B,4+,1,8,16.0,,9772
1002031,P00090842,M,36-45,20,A,3,0,11,15.0,,5951
1004833,P00236042,M,36-45,16,C,4+,0,5,,,1787
1005964,P00016842,M,18-25,5,B,1,0,1,2.0,15.0,7956
1004089,P00052642,M,26-35,7,A,1,0,5,14.0,,7168
1003095,P00260042,F,26-35,3,B,1,1,5,8.0,,5327
1002100,P00305042,F,26-35,0,C,4+,0,11,13.0,16.0,4487
1000190,P00213742,M,26-35,17,A,1,0,8,,,10044
1000845,P00220342,F,18-25,0,A,2,0,5,,,3574
1005739,P00253242,M,26-35,7,C,2,0,5,,,7043
1000624,P00127642,M,26-35,1,B,3,0,1,2.0,15.0,11950
1005738,P00242742,M,26-35,12,A,1,1,1,2.0,9.0,11875
1001425,P00240642,M,0-17,10,B,1,0,8,,,9878
1000798,P00031042,F,26-35,20,C,1,1,8,,,5941
1000208,P00173342,M,36-45,17,C,1,1,1,6.0,14.0,11843
1001782,P00238442,M,46-50,0,C,1,1,6,,,12717
1001748,P00193042,M,51-55,1,A,1,1,5,6.0,16.0,5354
1003200,P00145442,F,26-35,1,B,4+,0,8,15.0,,6072
1000517,P00253242,F,26-35,14,A,1,0,5,,,8793
1004312,P00196842,M,26-35,18,A,0,1,5,11.0,,7125
1001010,P00248942,M,26-35,0,A,1,0,1,6.0,14.0,15826
1001279,P00076242,M,36-45,1,A,2,0,5,14.0,,3483
1003696,P00150342,M,36-45,7,C,3,0,8,14.0,,8037
1001264,P00032042,M,26-35,1,A,3,0,1,2.0,15.0,15272
1005627,P00123142,M,26-35,0,A,4+,1,11,,,4680
1003147,P00213242,M,26-35,14,C,0,0,5,8.0,,8639
1005241,P00370242,F,26-35,4,A,4+,0,5,,,7069
1003884,P00241642,M,18-25,4,A,1,1,1,2.0,11.0,15655
1004321,P00288242,M,46-50,7,C,3,1,5,14.0,,6947
1002734,P00051842,F,18-25,4,C,1,0,4,8.0,,2805
1003916,P00200842,M,26-35,4,A,2,1,8,,,4190
1004491,P00082242,M,18-25,4,C,3,0,11,,,6018
1003080,P00148642,M,26-35,20,A,4+,1,6,10.0,13.0,16024
1000777,P00334242,M,18-25,19,B,1,0,1,8.0,,15217
1000600,P00288642,M,36-45,17,C,0,1,16,,,20888
1001447,P00323442,M,18-25,4,A,0,0,5,9.0,,5265
1004917,P00057942,M,46-50,0,C,0,1,1,2.0,6.0,7862
1002131,P00342342,M,26-35,0,B,1,0,11,15.0,16.0,3009
1002412,P00221742,M,55+,13,C,1,0,1,8.0,,15837
1000533,P00170342,M,26-35,12,A,1,0,1,15.0,,8001
1001748,P00199642,M,51-55,1,A,1,1,16,,,12180
1004271,P00105142,M,36-45,7,B,2,0,1,2.0,15.0,11532
1000123,P00193442,M,36-45,9,B,4+,1,8,,,7853
1005880,P00287342,M,26-35,1,A,1,1,5,,,8625
1003102,P00251242,M,26-35,12,C,3,1,5,11.0,,5162
1002662,P00313542,M,26-35,17,C,4+,0,5,8.0,,7010
1000664,P00111542,M,36-45,18,C,2,1,2,17.0,,15921
1002943,P00114342,M,36-45,12,C,1,0,1,8.0,17.0,19286
1001499,P00199042,M,0-17,10,C,1,0,1,5.0,,19038
1004344,P00018642,M,26-35,1,A,4+,0,8,,,4094
1002967,P00025442,M,26-35,0,A,1,0,1,2.0,9.0,15357
1004362,P00101842,M,26-35,17,B,4+,0,6,16.0,,20234
1003903,P00266542,M,26-35,0,C,1,0,2,16.0,,13197
1005937,P00282642,M,26-35,12,B,2,1,5,,,7021
1003192,P00014842,M,18-25,4,C,1,1,1,2.0,5.0,11463
1001300,P00255742,M,0-17,10,C,3,0,3,4.0,,13265
1001169,P00227742,M,26-35,20,B,3,0,5,14.0,,3455
1003192,P00125942,M,18-25,4,C,1,1,1,2.0,15.0,19005
1000392,P00048742,M,18-25,7,A,0,0,5,,,5163
1000099,P00164842,F,0-17,10,C,1,0,5,16.0,,3584
1003667,P00048742,F,0-17,10,C,1,0,5,,,7091
1000678,P00156842,M,26-35,0,A,0,1,4,5.0,,2836
1004864,P00250242,M,18-25,20,C,3,1,5,,,6903
1005657,P00172842,M,51-55,14,A,1,0,3,4.0,,10906
1004344,P00282142,M,26-35,1,A,4+,0,3,4.0,,8157
1002029,P00120642,F,26-35,12,A,0,0,5,,,7119
1001775,P00223542,M,26-35,4,C,3,1,1,8.0,17.0,15188
1000010,P00293842,F,36-45,1,B,4+,1,1,2.0,9.0,8149
1001407,P00110842,F,36-45,15,A,1,1,1,2.0,5.0,15231
1002793,P00028242,M,36-45,7,B,3,0,6,8.0,,20513
1005597,P00151942,F,18-25,4,A,2,0,11,,,1765
1001748,P00289542,M,51-55,1,A,1,1,8,,,5910
1003180,P00251942,M,26-35,14,B,1,0,1,2.0,5.0,15662
1004808,P00144042,M,36-45,0,A,1,1,2,3.0,4.0,9878
1002643,P00086442,M,46-50,17,B,1,1,8,13.0,15.0,7972
1000103,P00115942,M,46-50,7,B,2,1,8,17.0,,6123
1000877,P00236542,M,26-35,0,B,1,1,8,11.0,,2057
1003272,P00029542,M,36-45,0,B,1,0,1,2.0,18.0,15607
1005911,P00110542,F,26-35,17,C,4+,1,8,,,9986
1004363,P00062842,M,36-45,14,C,2,1,1,2.0,13.0,19627
1005471,P00059442,M,18-25,7,A,1,0,6,8.0,16.0,20299
1005161,P00080342,M,26-35,4,C,0,0,1,6.0,8.0,18956
1002105,P00163442,M,26-35,1,A,0,1,6,8.0,13.0,8087
1002857,P00345842,M,26-35,0,B,2,0,2,8.0,14.0,9657
1002181,P00035542,M,26-35,0,B,4+,1,3,4.0,12.0,2814
1003684,P00248542,M,26-35,17,C,4+,1,8,16.0,,7841
1006032,P00119342,M,46-50,7,A,3,0,10,13.0,,23856
1006016,P00115442,M,46-50,1,B,1,1,8,,,7915
1000023,P00278942,M,36-45,0,B,3,1,1,2.0,3.0,15766
1004578,P00112742,M,26-35,0,A,4+,0,2,14.0,,15888
1001116,P00054942,M,26-35,15,B,3,0,5,8.0,,7144
1005128,P00114442,M,51-55,7,C,1,1,5,6.0,,8798
1001544,P00297442,M,26-35,12,B,2,0,2,15.0,,3627
1005319,P00251442,M,18-25,17,B,1,0,5,,,7052
1000482,P00170342,M,26-35,14,A,2,1,1,15.0,,11627
1001010,P00303342,M,26-35,0,A,1,0,1,16.0,,11713
1002186,P00037542,M,18-25,5,C,4+,0,1,,,7592
1000307,P00118742,M,51-55,16,B,0,1,5,11.0,,8809
1003086,P00358342,M,18-25,12,A,1,1,11,15.0,16.0,1686
1001748,P00241642,M,51-55,1,A,1,1,1,2.0,11.0,11557
1004021,P00032042,M,51-55,20,B,1,1,1,2.0,15.0,11734
1004953,P00110542,M,36-45,12,B,4+,0,8,,,9732
1002316,P00312742,M,36-45,0,B,0,0,15,,,9005
1002880,P00052842,M,18-25,12,A,3,0,10,15.0,,23412
1001346,P00057942,M,36-45,20,C,1,0,1,2.0,6.0,15898
1005661,P00106042,F,26-35,15,C,1,1,5,,,5264
1000261,P00137242,M,26-35,20,A,4+,0,5,,,6991
1002163,P00154542,M,18-25,0,C,0,1,1,2.0,,4219
1003878,P00100442,M,36-45,16,B,4+,0,2,4.0,5.0,10154
1003452,P00265242,M,26-35,14,C,1,1,5,8.0,,8816
1002293,P00223542,F,55+,3,B,1,1,1,8.0,17.0,19079
1004644,P00318742,M,51-55,1,C,4+,0,1,8.0,,11636
1005759,P00044442,F,26-35,1,A,2,0,1,16.0,,15577
1002962,P00271042,M,36-45,3,A,2,0,6,16.0,,16326
1002451,P00242742,M,46-50,12,C,1,1,1,2.0,9.0,11811
1005567,P00033542,M,51-55,3,B,0,1,5,,,3613
1002701,P00173942,M,46-50,1,A,3,1,1,5.0,6.0,3792
1005118,P00237542,M,0-17,10,B,2,0,1,15.0,16.0,19280
1001837,P00327142,M,26-35,2,B,1,0,8,15.0,,3950
1004819,P00302542,M,36-45,18,B,1,0,5,,,5366
1005362,P00265242,M,36-45,13,C,1,0,5,8.0,,3709
1003309,P00183642,M,26-35,17,C,2,1,4,5.0,9.0,2157
1003129,P00196442,M,26-35,7,B,2,0,5,,,8770
1005026,P0094942,M,26-35,17,B,1,1,4,8.0,,2184
1000305,P00053842,F,18-25,0,B,3,1,4,5.0,12.0,3461
1003999,P00153642,M,36-45,17,B,4+,0,8,,,5927
1003108,P00223542,M,51-55,6,B,1,1,1,8.0,17.0,12030
1005422,P00042242,M,51-55,7,A,2,1,5,15.0,,3519
1003643,P00255842,M,26-35,17,C,1,0,16,,,20316
1004522,P00346142,M,46-50,1,C,0,1,1,15.0,,11578
1005847,P00059442,F,18-25,4,B,2,0,6,8.0,16.0,20522
1004487,P00286742,M,26-35,7,C,1,0,1,16.0,,15217
1000593,P00208542,F,51-55,1,C,4+,0,8,,,7777
1002750,P00281542,F,26-35,15,B,1,0,5,,,8589
1001794,P00328642,M,26-35,11,B,1,0,8,16.0,,2159
1005300,P00368342,M,26-35,20,A,0,0,5,,,7095
1001942,P00249742,M,36-45,5,B,1,1,1,15.0,18.0,3904
1000796,P00297642,M,51-55,6,B,4+,1,8,,,5879
1002144,P00180342,M,18-25,0,C,1,1,11,,,7589
1003098,P00289942,M,26-35,4,A,1,1,3,4.0,5.0,8187
1005749,P00235642,M,26-35,2,A,0,1,8,16.0,,9753
1000829,P00089342,M,0-17,19,A,2,0,8,,,9948
1001173,P00173242,F,26-35,7,A,3,0,5,,,5366
1003159,P00237642,F,26-35,15,B,1,0,5,14.0,,7180
1002119,P00285242,M,36-45,4,B,3,0,17,,,7864
1003189,P00076442,M,26-35,16,A,1,0,1,2.0,,8232
1005014,P00083842,M,46-50,0,C,0,1,5,14.0,,7176
1004562,P00051442,M,36-45,10,A,1,1,8,17.0,,7994
1005824,P00146042,M,18-25,12,B,1,0,1,13.0,15.0,12078
1001998,P00025942,F,51-55,9,B,2,1,8,14.0,,9920
1001733,P00171542,M,18-25,14,B,0,1,2,5.0,14.0,6492
1001882,P00295342,M,36-45,16,C,4+,0,2,8.0,,13184
1001996,P00221942,M,36-45,0,C,3,0,1,8.0,,4257
1005755,P00271942,F,36-45,2,B,1,0,5,8.0,,5284
1004600,P00133742,M,26-35,0,C,2,1,5,14.0,,3717
1004673,P00248542,M,36-45,16,B,2,1,8,16.0,,7760
1001325,P00370642,M,26-35,1,B,1,1,8,16.0,,8123
1003892,P00140742,M,26-35,20,A,0,0,1,15.0,,15392
1003618,P00230842,M,55+,17,A,4+,1,8,,,9934
1001968,P00198042,M,26-35,11,B,2,0,11,16.0,,7430
1003729,P00260042,M,18-25,4,A,2,0,5,8.0,,8845
1001383,P00035842,F,26-35,7,A,1,0,5,6.0,9.0,7190
1003778,P00039542,M,26-35,0,B,4+,1,8,,,6004
1000214,P00247042,M,18-25,20,C,1,0,5,14.0,,3503
1004344,P00303142,M,26-35,1,A,4+,0,5,,,3433
1000116,P00255942,M,26-35,17,C,2,1,1,16.0,,11734
1005113,P00302442,M,26-35,0,A,3,1,5,6.0,,2017
1001611,P00365042,M,26-35,0,B,1,0,6,16.0,,12263
1003842,P00254342,F,36-45,16,B,4+,0,5,11.0,,7070
1005954,P00167642,M,46-50,11,A,2,1,5,,,1895
1000094,P00182442,M,26-35,17,C,1,0,5,11.0,,8792
1001272,P00144242,M,18-25,20,B,0,0,5,14.0,,5421
1005954,P00032842,M,46-50,11,A,2,1,8,,,9740
1003686,P00289942,M,26-35,7,C,1,1,3,4.0,5.0,13445
1005822,P00123742,F,36-45,4,C,1,0,11,,,5918
1003626,P00163442,M,26-35,17,B,3,0,6,8.0,13.0,12045
1003280,P00076142,M,26-35,7,B,1,0,8,,,5931
1000363,P00119142,M,18-25,10,B,1,1,3,4.0,12.0,13544
1000767,P00287942,M,26-35,12,C,1,0,8,14.0,,6052
1003332,P00102942,M,26-35,7,B,2,1,1,14.0,,8250
1005000,P00302942,M,26-35,4,B,4+,0,8,,,10076
1000816,P00178642,M,46-50,0,C,2,0,5,15.0,,6860
1003471,P00354942,M,18-25,4,A,1,0,8,,,4179
1000920,P00294542,M,18-25,4,C,4+,0,8,,,5821
1004506,P00088742,M,51-55,16,B,2,0,5,,,6956
1004941,P00275542,M,55+,20,C,2,1,1,,,7637
1001530,P00188442,M,26-35,4,A,1,1,5,7.0,,8567
1005468,P00111042,M,26-35,12,A,1,0,15,,,20921
1004204,P00284842,M,36-45,7,C,4+,0,1,8.0,17.0,19332
1000107,P00279542,M,46-50,18,C,4+,0,8,,,7875
1004682,P00227842,M,26-35,7,B,3,1,2,5.0,,10069
1004823,P00051442,M,18-25,4,B,0,1,8,17.0,,6133
1004312,P00212242,M,26-35,18,A,0,1,8,,,7769
1000919,P00078742,F,36-45,1,C,1,0,5,8.0,14.0,5412
1005811,P00110842,M,18-25,4,B,3,0,1,2.0,5.0,11448
1000238,P00177042,F,51-55,7,B,0,0,8,,,5891
1002352,P00182442,M,51-55,13,B,1,1,5,11.0,,3700
1003546,P00004542,M,26-35,20,B,3,0,5,8.0,,6990
1002753,P00088242,F,51-55,20,B,1,1,6,10.0,13.0,16265
1005026,P00119542,M,26-35,17,B,1,1,8,14.0,,7807
1003294,P00240442,M,18-25,4,B,3,0,6,16.0,,16211
1003229,P00045642,F,55+,1,B,3,0,8,14.0,,7853
1001015,P00351242,M,36-45,3,A,4+,1,3,4.0,5.0,5404
1000244,P00285842,M,51-55,7,B,3,1,5,,,7157
1003018,P00211642,M,36-45,0,B,0,0,1,8.0,,11975
1003453,P00234842,M,36-45,7,C,1,0,5,6.0,16.0,6982
1002215,P00330342,F,26-35,0,B,2,1,5,11.0,16.0,5379
1005841,P00355642,F,36-45,7,A,4+,1,16,,,12594
1003735,P00192942,M,26-35,0,B,0,0,5,,,8817
1003314,P00128242,M,26-35,7,C,2,0,5,12.0,14.0,7156
1004048,P00186142,F,36-45,1,B,1,0,1,2.0,4.0,15628
1005942,P00142142,M,46-50,1,C,4+,0,1,2.0,15.0,8071
1000746,P00204242,F,18-25,19,B,3,0,6,8.0,,12650
1004591,P00033042,M,26-35,15,A,3,0,5,14.0,,3526
1004765,P00022642,F,36-45,16,B,3,1,5,8.0,,8743
1001463,P00050642,M,51-55,16,C,4+,1,15,16.0,,8330
1003539,P00354642,F,26-35,4,A,1,1,8,13.0,,4246
1002752,P00228642,M,26-35,15,A,2,0,5,18.0,,3530
1000145,P00234742,M,18-25,4,C,4+,0,8,,,7888
1003836,P00285542,F,51-55,8,B,1,0,8,,,8135
1005047,P00280742,M,46-50,6,C,1,0,6,8.0,,16063
1000869,P00043742,M,18-25,20,A,4+,1,5,8.0,,5239
1002496,P00285242,M,51-55,1,B,1,0,17,,,10329
1004658,P00132642,M,26-35,4,B,3,1,1,,,4392
1005237,P00114942,M,26-35,7,B,4+,1,1,15.0,16.0,15272
1003992,P00032042,M,26-35,4,B,1,0,1,2.0,15.0,15389
1001246,P00045342,M,18-25,4,A,2,0,1,5.0,17.0,15900
1005077,P00173542,M,26-35,2,A,0,0,5,8.0,,3610
1003842,P00111842,F,36-45,16,B,4+,0,8,,,9928
1000010,P00065042,F,36-45,1,B,4+,1,5,15.0,,5215
1002092,P00188542,M,55+,1,B,4+,1,5,8.0,14.0,8606
1000404,P00112142,M,18-25,4,B,1,0,1,2.0,14.0,15477
1005841,P00187442,F,36-45,7,A,4+,1,2,4.0,5.0,13069
1002895,P00135742,M,26-35,11,B,4+,0,6,8.0,,16290
1003513,P00213942,M,26-35,16,C,1,0,5,14.0,,8827
1001943,P00343042,M,18-25,4,B,0,0,5,18.0,,5311
1001156,P00364842,F,51-55,2,A,4+,0,5,16.0,,5300
1003611,P00030842,M,26-35,2,C,4+,0,1,2.0,15.0,15826
1003736,P00270942,M,36-45,1,C,1,1,1,2.0,15.0,15466
1000461,P00088242,M,51-55,7,B,0,0,6,10.0,13.0,12483
1003301,P00255842,F,26-35,2,B,3,0,16,,,16740
1004351,P00127342,M,26-35,12,C,2,0,1,2.0,15.0,18958
1004577,P00288442,M,36-45,7,C,0,1,5,14.0,,5150
1002240,P00110942,M,46-50,12,C,0,1,1,2.0,,19439
1005682,P00155442,M,18-25,0,B,2,0,1,11.0,15.0,7827
1003892,P00035842,M,26-35,20,A,0,0,5,6.0,9.0,5181
1002777,P00289842,M,18-25,4,B,2,0,1,16.0,,11949
1005312,P00182542,M,26-35,1,A,1,0,5,11.0,,6990
1001958,P00327842,F,26-35,1,B,3,0,8,16.0,,10070
1005111,P00195442,M,36-45,2,B,1,1,5,,,5399
1005501,P00334042,M,26-35,2,A,3,0,1,11.0,15.0,15254
1004800,P00003142,M,18-25,4,A,1,0,8,,,5856
1004337,P00051942,M,18-25,20,C,4+,0,5,6.0,11.0,1997
1005713,P00216742,F,51-55,7,C,4+,1,5,,,7019
1000406,P0097142,M,26-35,20,A,3,0,12,,,1370
1003653,P00327642,M,18-25,15,C,3,1,18,,,3889
1005156,P00113942,M,18-25,14,A,1,1,8,,,9873
1003631,P00036842,M,18-25,4,B,4+,0,1,14.0,16.0,12085
1002223,P00073842,M,26-35,2,B,0,1,1,15.0,17.0,15222
1004258,P00251342,M,26-35,17,B,2,0,5,11.0,,3464
1003327,P00226342,M,18-25,12,B,4+,0,11,15.0,,5928
1000801,P00302342,F,26-35,20,C,4+,0,8,,,9925
1002436,P00188442,M,26-35,7,B,2,0,5,7.0,,5178
1004502,P00184242,M,51-55,0,C,1,1,9,15.0,,23029
1001182,P00111842,M,0-17,10,B,3,0,8,,,8050
1002183,P00246942,F,55+,1,C,2,0,17,,,10584
1000196,P00324942,F,36-45,9,C,4+,0,5,,,6927
1006021,P00058142,M,26-35,12,B,2,1,3,4.0,12.0,10772
1001339,P00057642,M,36-45,18,C,2,0,1,15.0,16.0,15491
1002807,P00100642,F,36-45,11,B,2,1,5,15.0,,8754
1004569,P00184942,M,26-35,0,C,2,0,1,8.0,17.0,18969
1004456,P00289942,F,36-45,2,C,4+,0,3,4.0,5.0,13461
1001339,P00329242,M,36-45,18,C,2,0,5,14.0,,3478
1000845,P00170442,F,18-25,0,A,2,0,5,,,5152
1001352,P00268442,M,36-45,20,B,2,0,8,17.0,,7996
1000624,P00291042,M,26-35,1,B,3,0,8,,,6122
1005333,P00050742,F,26-35,7,A,4+,0,5,,,3744
1005408,P00000242,M,26-35,20,C,3,0,2,4.0,9.0,12907
1003724,P00344442,M,36-45,6,B,4+,0,5,8.0,14.0,7152
1005626,P00153742,M,55+,16,B,3,0,8,,,7973
1002898,P00366442,M,18-25,4,B,4+,0,8,12.0,,8107
1002779,P00357242,M,36-45,7,B,1,0,5,,,7182
1004855,P00157542,M,26-35,12,B,1,0,8,14.0,,5985
1001129,P00010242,M,36-45,17,C,2,0,5,,,6869
1000673,P00139042,M,26-35,20,A,4+,0,8,17.0,,6028
1000187,P00027642,F,46-50,1,B,1,0,8,,,5995
1004609,P00030142,F,26-35,4,B,0,0,8,,,7935
1000796,P00199442,M,51-55,6,B,4+,1,5,9.0,,3730
1005387,P00084742,F,26-35,1,B,4+,1,5,12.0,14.0,8764
1005004,P00247042,F,55+,1,C,1,1,5,14.0,,7077
1003283,P00327642,M,36-45,16,C,0,1,18,,,3893
1001680,P00055842,M,26-35,20,A,3,1,8,,,8061
1003367,P00266442,M,51-55,16,A,1,1,5,,,7126
1001448,P00145642,F,26-35,3,A,1,0,1,8.0,17.0,15617
1000666,P00004642,F,18-25,0,C,2,0,8,14.0,,5838
1001766,P00318942,F,46-50,0,C,0,1,8,16.0,,5974
1001068,P00132042,F,18-25,4,B,2,0,13,16.0,,950
1005682,P00146142,M,18-25,0,B,2,0,1,2.0,15.0,7676
1004221,P00311442,M,36-45,4,C,2,1,11,15.0,,5961
1001650,P00243342,M,26-35,19,C,1,0,11,,,4456
1002771,P00120042,M,18-25,1,A,4+,0,1,2.0,,15551
1001943,P00299942,M,18-25,4,B,0,0,8,,,2231
1005441,P00170542,M,51-55,7,C,0,1,5,8.0,,6918
1005995,P00070942,F,36-45,1,C,2,1,3,5.0,16.0,8263
1005787,P00220442,M,26-35,20,B,0,0,5,14.0,,7040
1004634,P00177442,M,51-55,20,B,1,1,1,6.0,8.0,19211
1003618,P00163442,M,55+,17,A,4+,1,6,8.0,13.0,12467
1001784,P00057642,M,18-25,20,B,1,0,1,15.0,16.0,19301
1001968,P00275842,M,26-35,11,B,2,0,2,9.0,15.0,6758
1005996,P00124242,F,26-35,0,B,1,1,11,14.0,,7485
1005327,P00101042,M,26-35,7,A,1,0,5,12.0,,8857
1004041,P00219742,M,18-25,3,B,2,0,6,11.0,16.0,11971
1004736,P00006142,M,18-25,20,A,1,1,8,,,6175
1000148,P00144242,M,51-55,17,B,3,1,5,14.0,,7149
1001555,P00021742,F,18-25,0,B,0,1,5,,,8869
1004227,P00352242,M,26-35,19,A,0,0,1,6.0,16.0,7584
1003118,P00046842,M,26-35,0,B,1,0,8,16.0,,4126
1002857,P00269242,M,26-35,0,B,2,0,11,13.0,,4430
1001147,P00368842,M,26-35,20,B,3,1,15,,,12527
1000429,P00113342,M,18-25,0,C,1,0,1,8.0,17.0,15811
1004514,P00234842,M,18-25,3,C,2,1,5,6.0,16.0,6855
1003507,P00030942,M,26-35,0,A,3,0,4,5.0,9.0,1477
1003823,P00102142,M,55+,7,B,1,0,13,16.0,,770
1001380,P00274642,M,0-17,10,C,0,0,4,5.0,,2066
1004732,P00221142,M,26-35,14,B,2,1,1,,,11490
1003081,P00324442,M,26-35,7,B,1,1,11,13.0,16.0,4596
1000329,P00047242,M,36-45,7,A,1,0,1,5.0,,7665
1004006,P00182242,M,0-17,7,C,3,0,1,5.0,6.0,15629
1001809,P00102242,F,26-35,14,C,0,1,8,12.0,,7950
1003945,P00177842,F,46-50,1,B,2,0,8,,,4222
1001300,P00310042,M,0-17,10,C,3,0,5,8.0,,1887
1003311,P00035542,M,26-35,4,A,4+,0,3,4.0,12.0,10965
1002419,P00048642,M,26-35,0,B,3,1,5,14.0,,5261
1004124,P00139542,M,26-35,18,C,1,1,5,,,5345
1005161,P00349942,M,26-35,4,C,0,0,1,5.0,,11597
1005103,P00127942,F,36-45,16,C,1,0,1,2.0,5.0,15197
1000445,P00114042,M,46-50,12,A,1,1,5,14.0,,5288
1005995,P00270842,F,36-45,1,C,2,1,5,,,8853
1002782,P00133742,F,18-25,4,C,4+,0,5,14.0,,7078
1000372,P00220442,F,18-25,4,C,2,0,5,14.0,,6938
1005394,P00135342,M,18-25,0,A,2,0,5,,,5317
1004085,P00285442,F,26-35,6,A,1,0,8,,,7844
1004336,P00149342,F,26-35,0,B,4+,0,13,16.0,,768
1002880,P00346242,M,18-25,12,A,3,0,1,15.0,,11906
1001958,P00270942,F,26-35,1,B,3,0,1,2.0,15.0,11580
1001145,P00014542,M,51-55,3,A,2,1,8,,,9720
1001884,P00156442,M,46-50,20,B,1,1,8,,,8040
1003821,P00178942,M,26-35,20,A,2,1,5,8.0,,5156
1003808,P00329242,M,26-35,7,A,2,1,5,14.0,,8709
1005083,P00069242,M,26-35,4,B,4+,1,8,11.0,,6022
1001016,P00279542,M,55+,16,C,3,0,8,,,7948
1001409,P00240142,M,18-25,4,B,1,1,5,,,6941
1005100,P00302442,M,51-55,6,B,1,1,5,6.0,,8770
1001448,P00228242,F,26-35,3,A,1,0,8,,,7788
1004837,P00324442,M,26-35,5,B,2,0,11,13.0,16.0,6063
1002638,P00269442,M,26-35,14,B,2,0,11,15.0,,4632
1000808,P00181242,M,26-35,7,B,1,1,11,,,6122
1005106,P00092442,F,36-45,1,C,3,1,2,4.0,,13159
1004353,P00229742,M,26-35,7,A,1,0,1,16.0,,15205
1003841,P00036742,M,46-50,18,A,4+,0,1,16.0,,15408
1002731,P00283942,M,36-45,7,C,1,0,5,,,5262
1005838,P00034742,F,46-50,7,B,0,1,5,14.0,17.0,5226
1005345,P00139942,F,26-35,17,C,2,1,5,,,7055
1004386,P00307542,M,26-35,5,B,1,0,1,15.0,,15312
1002024,P00042742,M,0-17,19,C,2,0,5,14.0,,7061
1001416,P00151742,M,26-35,14,B,1,1,8,15.0,16.0,7989
1003012,P00050742,M,26-35,12,C,1,1,5,,,3470
1001059,P00344242,F,26-35,0,B,3,0,8,10.0,,10037
