Product_ID;Product_Category_1;Product_Category_2;Product_Category_3
P00069042;3;;
P00248942;1;6.0;14.0
P00087842;12;;
P00085442;12;14.0;
P00285442;8;;
P00193542;1;2.0;
P00184942;1;8.0;17.0
P00346142;1;15.0;
P0097242;1;16.0;
P00274942;8;;
P00251242;5;11.0;
P00014542;8;;
P00031342;8;;
P00145042;1;2.0;5.0
P00231342;5;8.0;14.0
P00190242;4;5.0;
P0096642;2;3.0;4.0
P00058442;5;14.0;
P00036842;1;14.0;16.0
P00249542;1;5.0;15.0
P00220442;5;14.0;
P00156442;8;;
P00213742;8;;
P00214442;8;;
P00303442;1;8.0;14.0
P00135742;6;8.0;
P00039942;8;;
P00161442;5;14.0;
P00078742;5;8.0;14.0
P00085942;2;4.0;8.0
P00118742;5;11.0;
P00297942;8;;
P00266842;5;;
P00058342;3;4.0;
P00032442;5;;
P00105942;5;;
P00182642;2;4.0;9.0
P00186942;5;12.0;
P00155442;1;11.0;15.0
P00221342;1;2.0;5.0
P00087242;14;;
P00111142;1;15.0;16.0
P00259342;5;9.0;
P0094542;2;4.0;9.0
P00148642;6;10.0;13.0
P00312142;8;;
P00113242;1;6.0;8.0
P00192642;8;17.0;
P00110842;1;2.0;5.0
P00189642;8;13.0;
P00304242;1;6.0;
P00365242;5;8.0;
P00129542;8;14.0;
P00140742;1;15.0;
P00182342;1;5.0;6.0
P00276642;8;11.0;
P00334242;1;8.0;
P00247542;8;16.0;
P00338442;1;16.0;
P00275142;5;8.0;
P00333042;5;8.0;
P00166242;8;;
P00161942;5;8.0;
P00348242;8;;
P00042142;1;2.0;6.0
P00244242;1;2.0;15.0
P00217742;5;14.0;
P00019342;1;6.0;15.0
P00100642;5;15.0;
P00073842;1;15.0;17.0
P00366542;5;;
P00190742;3;4.0;9.0
P00151842;4;8.0;9.0
P00112642;1;2.0;5.0
P00118442;1;2.0;
P00034442;1;14.0;16.0
P00222242;1;2.0;13.0
P00118342;2;3.0;15.0
P00324742;2;9.0;14.0
P00190042;3;4.0;5.0
P0094142;4;5.0;
P00138542;5;6.0;
P00158542;5;6.0;13.0
P00157542;8;14.0;
P00044142;8;16.0;
P00112542;1;11.0;15.0
P00339542;1;;
P00127842;1;2.0;15.0
P00125942;1;2.0;15.0
P00251342;5;11.0;
P00249642;3;5.0;
P00124842;11;;
P00250642;11;;
P00058142;3;4.0;12.0
P00117442;5;14.0;
P00251642;1;2.0;4.0
P00244842;11;;
P00220242;3;12.0;
P00351142;1;8.0;17.0
P00213242;5;8.0;
P00195942;3;4.0;
P00115642;8;14.0;
P0098242;1;16.0;
P00262242;1;11.0;16.0
P00258742;5;;
P00218242;5;8.0;
P00021742;5;;
P00313042;5;14.0;
P00133742;5;14.0;
P00077042;5;;
P00280542;11;;
P00225842;2;4.0;15.0
P00278942;1;2.0;3.0
P00004742;6;16.0;
P00198042;11;16.0;
P00177442;1;6.0;8.0
P00000642;1;6.0;16.0
P00288942;1;2.0;5.0
P00270942;1;2.0;15.0
P00345842;2;8.0;14.0
P00032042;1;2.0;15.0
P00112342;13;16.0;
P00031842;1;5.0;12.0
P00346642;8;;
P00205642;5;8.0;
P00206442;1;5.0;9.0
P00046742;1;2.0;15.0
P00120042;1;2.0;
P00043242;5;;
P00057242;5;;
P00022842;5;;
P00252042;5;14.0;
P00042242;5;15.0;
P00059542;2;4.0;
P00021242;8;16.0;
P00023042;5;14.0;
P00144242;5;14.0;
P00101342;6;8.0;
P00289342;5;8.0;14.0
P00281742;5;8.0;18.0
P00266642;1;8.0;9.0
P00323742;8;;
P00116342;2;;
P00117142;2;17.0;
P00084442;13;16.0;
P00331542;5;8.0;
P00178942;5;8.0;
P00026042;8;14.0;17.0
P00233542;1;15.0;
P00127242;1;16.0;
P00349942;1;5.0;
P00303342;1;16.0;
P00051442;8;17.0;
P00275642;8;;
P00278642;5;;
P00322042;5;8.0;
P00216342;3;4.0;5.0
P00329342;5;;
P00332342;5;8.0;
P00111742;15;;
P00293742;8;;
P00032842;8;;
P00216142;1;16.0;
P00001642;8;16.0;
P00351842;5;;
P00145442;8;15.0;
P00344242;8;10.0;
P00327242;5;8.0;
P00241142;8;;
P00219242;4;5.0;
P00057342;4;5.0;
P00165742;8;16.0;
P00154642;8;;
P00192942;5;;
P00247042;5;14.0;
P00150542;5;;
P00347142;5;;
P00326742;11;;
P00330442;5;14.0;
P00327842;8;16.0;
P00218342;5;;
P00259042;5;;
P00102542;8;;
P00121142;8;;
P00228242;8;;
P00309542;5;14.0;
P00106742;3;5.0;
P00102642;4;8.0;9.0
P00127442;1;2.0;15.0
P00345642;1;15.0;16.0
P00357842;5;;
P00115342;5;8.0;14.0
P00174442;5;;
P00282642;5;;
P00037142;1;2.0;5.0
P00192042;5;9.0;14.0
P00197542;5;;
P00048742;5;;
P00110142;7;;
P00120842;8;17.0;
P00267742;5;;
P00086442;8;13.0;15.0
P00331842;16;;
P00288642;16;;
P00318742;1;8.0;
P00028442;1;8.0;16.0
P00208342;1;16.0;
P00277442;1;6.0;15.0
P00085242;8;14.0;17.0
P00279442;16;;
P00235242;8;;
P00251542;11;16.0;
P00003242;8;15.0;
P00221542;5;15.0;
P00142142;1;2.0;15.0
P00044442;1;16.0;
P00147742;1;16.0;
P00030942;4;5.0;9.0
P00288042;8;;
P00313142;8;;
P00195442;5;;
P00255842;16;;
P00112142;1;2.0;14.0
P00120342;5;17.0;
P00110542;8;;
P00279942;8;;
P00303742;8;;
P00316742;4;5.0;
P00115242;5;8.0;
P00302842;8;13.0;
P00066442;5;14.0;
P00273442;12;14.0;17.0
P00210142;14;;
P00212542;8;14.0;
P00321742;5;8.0;17.0
P00020042;5;8.0;
P00051942;5;6.0;11.0
P00303542;5;;
P00228142;5;;
P00123142;11;;
P00079542;5;8.0;
P00103142;1;;
P00305542;11;;
P00031042;8;;
P00260042;5;8.0;
P00055642;4;5.0;
P00312742;15;;
P00010742;1;8.0;17.0
P00223242;5;14.0;
P00114942;1;15.0;16.0
P00183242;5;15.0;
P00030842;1;2.0;15.0
P00220142;1;15.0;
P00130442;3;5.0;
P00323042;5;;
P00344742;5;;
P00182442;5;11.0;
P00015342;2;4.0;
P00103042;1;14.0;
P00187842;1;16.0;
P00162442;1;16.0;
P00078542;1;2.0;16.0
P00324442;11;13.0;16.0
P00041642;5;;
P00050542;5;;
P00006442;5;;
P00350942;3;4.0;5.0
P00000142;3;4.0;5.0
P00034042;1;2.0;16.0
P00143142;8;14.0;
P00317942;8;16.0;
P00335542;8;;
P00361842;15;16.0;
P00147942;1;16.0;
P00028042;1;16.0;
P00117542;18;;
P00130742;1;14.0;17.0
P00024142;8;9.0;14.0
P00209742;1;11.0;15.0
P00160042;1;13.0;16.0
P00042342;8;16.0;
P00016542;1;6.0;16.0
P00016742;1;15.0;16.0
P00227642;1;5.0;14.0
P00146142;1;2.0;15.0
P00070542;3;15.0;
P00129842;6;8.0;15.0
P00243942;1;2.0;15.0
P00246742;11;15.0;
P00310142;5;15.0;
P00244142;1;2.0;15.0
P00190142;3;4.0;5.0
P00109242;6;8.0;10.0
P00089342;8;;
P00288542;8;;
P00212242;8;;
P00319342;5;8.0;
P00302942;8;;
P00145942;6;8.0;13.0
P00026342;8;;
P00148842;6;8.0;16.0
P00299842;8;;
P00313342;5;;
P00102442;8;;
P00237542;1;15.0;16.0
P0099342;5;8.0;
P00171542;2;5.0;14.0
P00350342;1;6.0;
P00110742;1;2.0;8.0
P00117642;10;16.0;
P00114142;8;;
P00119142;3;4.0;12.0
P00280742;6;8.0;
P00271142;5;;
P00003942;5;14.0;
P00151742;8;15.0;16.0
P00050642;15;16.0;
P00114742;8;;
P00113942;8;;
P00120942;8;;
P00083842;5;14.0;
P00317842;8;;
P00030642;8;;
P00273642;8;14.0;
P00002542;8;14.0;
P00331642;12;;
P00331242;12;17.0;
P0096442;4;5.0;12.0
P00050242;8;;
P00131942;7;;
P00132042;13;16.0;
P00013742;5;;
P00119342;10;13.0;
P00182142;1;5.0;6.0
P00188942;8;;
P00203142;16;;
P00320442;6;10.0;
P00121642;5;14.0;
P00289542;8;;
P00329742;6;16.0;
P00326642;8;;
P00336142;5;12.0;
P00111442;8;;
P00234742;8;;
P00090842;11;15.0;
P00214542;8;;
P00110942;1;2.0;
P00289942;3;4.0;5.0
P00104842;8;;
P00113142;1;5.0;12.0
P00177942;5;8.0;
P00265242;5;8.0;
P00118142;8;17.0;
P00003642;8;;
P00178342;8;;
P00289742;8;;
P00085042;5;6.0;
P00041542;8;;
P00249142;5;;
P00284042;8;17.0;
P00165442;1;15.0;16.0
P00115942;8;17.0;
P00074442;1;16.0;
P00047242;1;5.0;
P00199042;1;5.0;
P00192542;1;2.0;9.0
P00350042;6;8.0;
P00248442;3;4.0;
P00172842;3;4.0;
P00198142;2;4.0;9.0
P00282142;3;4.0;
P00166942;2;4.0;5.0
P00187742;2;4.0;
P00003442;4;5.0;8.0
P00060242;3;4.0;
P00137642;3;4.0;12.0
P00126142;8;16.0;
P00219842;5;;
P00046142;1;16.0;
P00328142;8;16.0;
P00255542;5;;
P00250842;8;;
P00260142;5;14.0;
P0097142;12;;
P00209842;5;8.0;
P00212942;5;;
P00283942;5;;
P00303242;5;8.0;
P00170442;5;;
P00045842;5;14.0;
P00040442;5;14.0;
P00195842;3;4.0;8.0
P00293242;8;16.0;
P00064042;3;4.0;12.0
P00015542;1;2.0;13.0
P00105142;1;2.0;15.0
P00183442;1;2.0;
P00199442;5;9.0;
P00054542;1;2.0;3.0
P00034742;5;14.0;17.0
P00163142;6;8.0;
P00027142;8;;
P00053942;1;2.0;5.0
P00173342;1;6.0;14.0
P00233342;1;15.0;16.0
P00010842;8;16.0;
P00120242;8;;
P00223942;5;8.0;
P00362342;5;;
P00027542;8;;
P00234842;5;6.0;16.0
P00029242;8;;
P0097842;5;;
P00160942;1;16.0;
P00136542;5;8.0;
P00127942;1;2.0;5.0
P00248542;8;16.0;
P00145842;4;5.0;
P00214342;5;;
P00161542;2;15.0;16.0
P00001942;5;;
P00328042;8;14.0;
P00370242;5;;
P00340642;5;;
P00358242;8;;
P0096542;3;4.0;12.0
P0096942;3;4.0;
P00074142;3;4.0;12.0
P00270042;8;14.0;
P00223842;2;4.0;8.0
P00014842;1;2.0;5.0
P00274342;2;8.0;14.0
P00208742;1;6.0;16.0
P00304442;1;16.0;
P00014042;1;;
P00133442;1;16.0;
P00159842;1;16.0;
P00019942;1;;
P00117042;1;2.0;5.0
P00141942;5;8.0;14.0
P00117942;5;15.0;
P00001742;8;14.0;
P00315442;1;;
P00297642;8;;
P00088542;5;12.0;14.0
P00089042;13;;
P00175742;8;17.0;
P00035542;3;4.0;12.0
P00057942;1;2.0;6.0
P00059442;6;8.0;16.0
P00278042;1;;
P00154042;1;2.0;15.0
P00337942;5;;
P00229342;5;14.0;
P00274242;1;;
P00084642;13;16.0;
P00071242;1;15.0;16.0
P00050442;1;8.0;13.0
P0097342;1;15.0;16.0
P00269542;11;15.0;
P00045542;5;14.0;
P00139742;8;16.0;
P00332242;1;16.0;
P00205442;5;8.0;14.0
P00085542;5;14.0;
P00183142;15;;
P00298242;8;;
P00300942;16;;
P00013942;5;;
P00087042;10;14.0;16.0
P00087342;5;14.0;16.0
P00195642;5;;
P00035842;5;6.0;9.0
P00147342;15;16.0;
P00176842;12;14.0;
P00275842;2;9.0;15.0
P00351342;1;2.0;16.0
P00184142;8;14.0;
P00317342;8;16.0;
P00217242;1;15.0;
P00335442;1;15.0;
P0098342;1;2.0;
P00079742;1;2.0;15.0
P00143642;1;2.0;6.0
P00232342;11;;
P00179042;11;;
P00180942;11;;
P00265742;5;12.0;
P00194542;8;14.0;
P00127642;1;2.0;15.0
P00355142;1;15.0;
P00144642;1;15.0;16.0
P00201342;1;2.0;9.0
P00251942;1;2.0;5.0
P00009342;1;16.0;
P00191442;1;2.0;15.0
P00330642;5;;
P00238542;5;14.0;
P0094942;4;8.0;
P00068042;3;4.0;
P00005042;6;16.0;
P00102042;5;;
P00059742;1;11.0;15.0
P00248142;5;;
P00279342;5;14.0;
P00267542;1;16.0;
P00163342;6;8.0;
P00116842;2;5.0;8.0
P00348742;16;;
P00061142;8;16.0;
P00015942;6;10.0;13.0
P00346542;10;13.0;16.0
P00188742;8;14.0;17.0
P00346942;1;5.0;
P00007042;1;;
P00240242;1;15.0;16.0
P00291042;8;;
P00244642;11;;
P00090542;16;;
P00274142;1;;
P00270542;1;6.0;8.0
P00057442;5;14.0;16.0
P00078142;8;16.0;
P00245642;5;11.0;12.0
P00037542;1;;
P00049842;1;8.0;
P00022942;5;8.0;
P00350442;2;3.0;15.0
P00119542;8;14.0;
P00025442;1;2.0;9.0
P00080342;1;6.0;8.0
P00338542;1;;
P00246142;1;15.0;17.0
P00317642;1;2.0;17.0
P00170642;5;8.0;
P00115442;8;;
P00212742;5;;
P00150742;8;14.0;
P00109342;5;;
P00162642;5;8.0;
P00017042;8;;
P00100842;5;;
P00329442;5;8.0;
P00303842;5;8.0;14.0
P00250242;5;;
P00012542;5;14.0;
P00152442;8;;
P00248342;8;13.0;
P00218642;5;;
P00241542;1;6.0;
P00346442;1;2.0;14.0
P00295942;2;5.0;15.0
P00270142;5;;
P0099042;5;12.0;14.0
P00367142;11;;
P00118842;5;8.0;
P00034842;5;14.0;
P00001142;5;8.0;14.0
P00008842;1;16.0;
P00222142;5;13.0;
P00189842;3;4.0;5.0
P00198742;1;2.0;11.0
P00004242;1;6.0;8.0
P00173942;1;5.0;6.0
P00124642;16;;
P00081142;6;8.0;14.0
P00329542;1;15.0;16.0
P00020142;7;;
P00121342;1;5.0;18.0
P00159542;10;15.0;16.0
P00115142;1;8.0;17.0
P00227542;13;;
P00241642;1;2.0;11.0
P00226742;11;;
P00062842;1;2.0;13.0
P00028842;6;8.0;
P00284642;5;8.0;
P00250342;16;;
P00214142;8;;
P00188542;5;8.0;14.0
P00088242;6;10.0;13.0
P00121042;15;;
P00116742;11;;
P00289642;8;;
P00227742;5;14.0;
P00127542;1;2.0;15.0
P00323942;8;15.0;
P00101142;8;;
P00129642;5;;
P00178642;5;15.0;
P00288442;5;14.0;
P00274042;1;;
P00091842;8;;
P00016042;1;16.0;
P00214242;1;16.0;
P00008542;2;8.0;
P00352142;1;6.0;16.0
P00150942;6;11.0;13.0
P00317442;1;8.0;
P00063342;1;2.0;9.0
P00114542;5;;
P00156742;5;6.0;8.0
P00119242;18;;
P00193042;5;6.0;16.0
P00036542;4;5.0;
P00181842;11;;
P00304742;8;;
P00163842;8;;
P00028242;6;8.0;
P00028542;6;8.0;14.0
P00184442;1;6.0;8.0
P00137542;1;8.0;16.0
P00150342;8;14.0;
P00369742;5;;
P00277942;1;;
P00207042;5;14.0;
P00294542;8;;
P00033642;5;8.0;
P00086042;8;14.0;17.0
P00057742;2;8.0;18.0
P00101942;8;17.0;
P00113342;1;8.0;17.0
P00052642;5;14.0;
P00021642;8;14.0;
P00007342;8;14.0;
P00154742;8;14.0;16.0
P00016342;1;2.0;8.0
P00141842;5;14.0;
P00197442;8;14.0;
P00048642;5;14.0;
P00358742;5;;
P00370342;8;;
P00031442;5;8.0;
P00128242;5;12.0;14.0
P00211142;5;;
P00152742;5;;
P00211042;5;;
P00148342;5;;
P00134342;5;;
P00159942;5;;
P00031642;5;;
P00307342;8;;
P00022542;5;;
P00323842;2;8.0;
P00252442;8;;
P00304842;8;;
P00240142;5;;
P00140042;1;16.0;
P00289042;8;;
P00141442;8;14.0;
P00345742;1;2.0;15.0
P00065342;2;15.0;
P00298142;5;8.0;
P00111542;2;17.0;
P00347242;8;;
P00277642;2;3.0;10.0
P00024042;7;;
P00064942;8;;
P00112442;6;8.0;
P00312942;8;14.0;
P00125742;8;;
P00285742;8;;
P00004842;3;4.0;12.0
P00010242;5;;
P00014742;11;;
P00079442;8;;
P00208942;6;;
P00322342;5;14.0;
P00309142;1;16.0;
P00305142;1;;
P00128042;1;5.0;18.0
P00229742;1;16.0;
P00194642;1;6.0;13.0
P00149542;1;6.0;13.0
P00138242;1;;
P00035242;8;14.0;
P00135842;5;14.0;
P00035742;11;;
P00019142;11;15.0;
P00188442;5;7.0;
P00346342;1;15.0;
P00111042;15;;
P00238442;6;;
P00270242;8;;
P00197342;1;2.0;
P00318142;2;;
P00049642;8;14.0;
P00303642;8;14.0;
P00071442;15;17.0;
P00226442;11;15.0;
P0098542;8;;
P00231142;5;8.0;
P00031542;5;;
P00053842;4;5.0;12.0
P00176042;8;17.0;
P00116142;10;13.0;16.0
P00089442;8;;
P00128942;1;11.0;
P00139942;5;;
P00194442;5;;
P00178442;5;;
P00119742;5;8.0;12.0
P00279642;7;;
P00048142;1;16.0;
P00042942;1;15.0;
P00241242;1;11.0;15.0
P00250542;4;5.0;
P00100442;2;4.0;5.0
P00279142;7;;
P00256542;6;13.0;
P00272042;8;14.0;
P00057642;1;15.0;16.0
P00348542;1;16.0;
P00310242;7;;
P00350542;8;17.0;
P00318942;8;16.0;
P00150142;8;;
P00062742;8;17.0;
P00367042;8;;
P00070042;1;2.0;16.0
P00211942;8;;
P00252842;8;;
P00341342;1;8.0;17.0
P00117342;1;8.0;13.0
P00044342;8;;
P00090942;1;2.0;14.0
P00302742;8;;
P00286842;5;8.0;
P00102342;8;14.0;17.0
P00104542;8;;
P00360042;8;;
P00307642;5;6.0;
P00052842;10;15.0;
P00057542;3;4.0;5.0
P00282842;5;;
P00281542;5;;
P00367542;5;;
P00253042;8;;
P00221942;1;8.0;
P00288342;8;;
P00115542;8;;
P00321942;5;;
P00100142;10;16.0;
P00313542;5;8.0;
P00120142;5;;
P00129742;5;8.0;
P00182742;1;2.0;14.0
P00020342;1;2.0;
P00158142;8;;
P00002142;1;5.0;8.0
P00247742;8;;
P00092642;5;8.0;
P00051142;8;;
P00005642;8;;
P00102242;8;12.0;
P00283242;5;8.0;
P00017742;8;14.0;
P00247642;7;;
P0009942;5;;
P00155742;8;;
P00023642;8;12.0;
P00307542;1;15.0;
P00125342;11;;
P00367242;11;;
P0095142;2;4.0;
P00023142;5;14.0;
P00127342;1;2.0;15.0
P00153742;8;;
P00117742;8;;
P00143342;1;14.0;16.0
P00277542;1;6.0;15.0
P00324942;5;;
P00092242;5;8.0;
P00355942;8;13.0;
P00013342;7;;
P00089542;5;;
P00107642;5;;
P00267142;8;12.0;
P00021842;5;8.0;14.0
P00182242;1;5.0;6.0
P00050342;5;8.0;17.0
P0099742;3;4.0;5.0
P00212342;8;;
P00153642;8;;
P00244042;1;2.0;15.0
P00049442;1;8.0;
P00068942;5;;
P00029842;8;;
P00089242;2;5.0;
P00322742;8;11.0;
P00168742;1;5.0;
P00136442;14;;
P00256642;5;;
P00158242;6;8.0;
P00357942;8;14.0;
P00042842;5;;
P00330042;5;;
P00038342;2;4.0;
P00287542;8;;
P00196142;3;4.0;5.0
P00187442;2;4.0;5.0
P00303142;5;;
P00277842;1;;
P0095342;2;4.0;
P00048442;5;14.0;
P00128342;5;12.0;14.0
P00021342;5;8.0;
P00226142;8;9.0;
P00164342;5;8.0;
P00041142;8;;
P00222942;1;2.0;8.0
P00041042;1;16.0;
P00354342;5;11.0;
P00223642;11;15.0;
P00179642;11;;
P00093642;6;;
P00272242;8;;
P00075742;8;14.0;
P00224142;8;;
P00027642;8;;
P00265542;5;8.0;
P00041742;8;;
P00053542;1;;
P00227842;2;5.0;
P00137242;5;;
P00207242;5;;
P00328342;5;;
P00055142;5;;
P00297042;8;;
P00289242;1;8.0;
P00230842;8;;
P00193242;6;8.0;
P00326842;5;8.0;
P00050742;5;;
P00266542;2;16.0;
P00352842;2;6.0;15.0
P00242742;1;2.0;9.0
P00015642;8;16.0;17.0
P00114042;5;14.0;
P00357242;5;;
P00118542;5;8.0;
P00313442;5;6.0;8.0
P00285842;5;;
P00161142;11;;
P00200642;10;16.0;
P00343042;5;18.0;
P00326242;2;18.0;
P00196742;8;;
P00129342;1;5.0;15.0
P00025542;8;;
P00128742;1;;
P00087442;5;;
P00335242;5;8.0;
P00161242;1;5.0;12.0
P00033342;5;14.0;
P00101242;5;12.0;
P00205242;5;;
P00302042;5;;
P00362442;5;;
P00206642;5;;
P00045342;1;5.0;17.0
P00214742;5;14.0;
P00344842;5;;
P00119642;1;2.0;8.0
P00362542;8;;
P00246942;17;;
P00191742;4;11.0;
P00303042;5;;
P00281942;15;;
P00295242;8;;
P00295842;5;8.0;
P00178042;8;14.0;
P00114342;1;8.0;17.0
P00249042;7;;
P00136342;4;5.0;
P00331942;5;;
P00218842;5;;
P00102942;1;14.0;
P00058042;8;16.0;
P00022642;5;8.0;
P00268442;8;17.0;
P00114642;5;8.0;
P00255742;3;4.0;
P00106942;8;;
P00111842;8;;
P00304142;5;11.0;
P00249842;8;;
P00323442;5;9.0;
P00129442;5;8.0;
P00021042;8;14.0;
P00363742;5;;
P00225042;8;;
P00002642;8;;
P00234542;5;;
P00173842;1;2.0;15.0
P00205942;5;8.0;14.0
P00327342;16;;
P00089142;5;;
P00024742;8;11.0;
P00053642;7;;
P00101842;6;16.0;
P00011342;6;;
P00002942;2;15.0;
P00258442;5;;
P00246342;11;15.0;
P00331342;8;16.0;
P00360742;5;;
P00120442;8;;
P00196042;4;9.0;15.0
P00276142;12;;
P00176942;5;;
P00216542;8;;
P00295542;8;;
P00091142;8;;
P00026542;8;;
P00242042;8;14.0;
P00184342;8;;
P00049542;8;;
P00155642;8;;
P00347342;8;;
P00007142;5;8.0;
P00221442;1;2.0;5.0
P00167942;1;5.0;
P00201442;1;6.0;8.0
P00014642;8;14.0;17.0
P00285642;2;5.0;15.0
P00246042;15;;
P00204342;15;16.0;
P00025042;5;15.0;
P00066542;1;15.0;16.0
P00177342;8;;
P00322942;2;8.0;16.0
P00266042;8;;
P00177642;8;;
P00281642;1;8.0;
P00282442;5;8.0;18.0
P00042742;5;14.0;
P00001242;5;11.0;
P00339942;1;;
P00029542;1;2.0;18.0
P00244342;11;;
P00280642;11;;
P00244442;11;;
P00105442;11;;
P00194142;11;16.0;
P00313942;17;;
P00084342;13;16.0;
P00198642;8;14.0;
P00115842;16;;
P00128142;1;5.0;18.0
P00021142;5;;
P00043542;8;;
P00102842;8;;
P00041842;6;8.0;
P00242642;7;8.0;
P00231942;11;;
P00174142;3;4.0;9.0
P00260442;1;15.0;
P00016842;1;2.0;15.0
P00255942;1;16.0;
P00268342;5;;
P00223542;1;8.0;17.0
P00122442;1;11.0;15.0
P00298942;1;5.0;
P00042542;1;5.0;
P00078842;1;16.0;
P00084842;8;16.0;
P00216742;5;;
P00006142;8;;
P00233442;1;2.0;15.0
P00024342;8;14.0;
P00024242;5;;
P00093342;1;8.0;18.0
P00333642;11;15.0;
P00364442;1;2.0;9.0
P00346042;6;8.0;15.0
P00282242;5;8.0;17.0
P00180342;11;;
P00113642;8;;
P00001042;1;2.0;16.0
P00083942;12;14.0;
P00117842;5;13.0;16.0
P00148042;8;;
P00053042;5;14.0;16.0
P00004642;8;14.0;
P00158042;8;;
P00259142;5;;
P00282042;5;15.0;
P00047942;5;13.0;
P00131542;8;12.0;
P00264242;8;;
P00343442;12;;
P00254642;5;8.0;
P00320842;1;4.0;9.0
P00074242;5;;
P00018142;5;;
P00229942;5;;
P00355642;16;;
P00142942;1;2.0;16.0
P00035342;2;4.0;14.0
P00017542;5;;
P00217942;5;;
P00072542;5;6.0;
P00178242;8;;
P00352642;1;17.0;
P00145642;1;8.0;17.0
P00100942;5;;
P00105042;5;9.0;
P00305042;11;13.0;16.0
P00181542;11;16.0;
P00014942;8;;
P00125142;11;;
P00368242;5;11.0;
P00243542;11;;
P00342042;11;15.0;16.0
P00179242;11;;
P00129142;1;11.0;
P00359242;1;5.0;17.0
P00308342;5;8.0;
P00216042;5;8.0;
P00220342;5;;
P00171342;13;16.0;
P0095842;3;4.0;12.0
P00256042;6;8.0;16.0
P00124242;11;14.0;
P00236542;8;11.0;
P00353542;5;11.0;
P00319242;8;;
P00311942;2;4.0;
P00197142;5;;
P00065242;2;3.0;4.0
P00194342;3;4.0;
P00180142;11;;
P00168342;11;15.0;
P00265342;7;;
P00319042;5;;
P00093242;8;;
P00051642;8;;
P00293342;8;;
P00153842;8;14.0;16.0
P00130842;5;14.0;
P00155842;8;;
P00211242;8;12.0;
P00221042;1;17.0;
P00008142;8;;
P00079942;8;;
P00320942;1;4.0;9.0
P00319442;8;;
P00235142;5;;
P00280442;11;;
P00173242;5;;
P0095542;2;4.0;9.0
P00265142;3;12.0;
P00074342;5;;
P00135342;5;;
P00316642;4;5.0;
P00264642;8;;
P00157642;1;14.0;16.0
P00070342;1;2.0;14.0
P00073642;8;;
P00268542;5;;
P00136742;1;14.0;16.0
P00001542;1;2.0;14.0
P00154242;8;;
P00050142;5;;
P00130642;11;16.0;
P00024642;5;14.0;
P00329942;5;8.0;14.0
P00192742;11;16.0;
P00138842;5;;
P00185842;4;5.0;15.0
P00115042;5;11.0;
P00120642;5;;
P00005742;8;14.0;
P00048042;1;6.0;8.0
P00273342;10;;
P00180042;11;;
P00365342;1;5.0;
P00146742;1;13.0;14.0
P00335742;5;;
P00114842;5;;
P00366442;8;12.0;
P00348942;8;13.0;
P00270842;5;;
P00339342;1;;
P00358442;1;15.0;
P00031142;16;;
P00118042;8;;
P00331142;5;;
P00156542;4;5.0;
P00033442;4;;
P00154442;8;14.0;
P00274642;4;5.0;
P00313242;8;;
P00279542;8;;
P00203742;13;16.0;
P00354442;5;;
P00178142;8;17.0;
P00092142;8;;
P00318342;14;;
P00210942;5;12.0;
P00215442;15;16.0;
P00309242;5;8.0;
P00109942;8;;
P00208042;8;;
P00029742;5;;
P00240442;6;16.0;
P00304642;2;14.0;15.0
P00067942;5;14.0;
P00361942;1;2.0;15.0
P00083242;11;16.0;
P00366942;8;;
P00149142;11;;
P00214642;11;13.0;16.0
P00181942;11;;
P00296042;8;13.0;16.0
P00189042;8;;
P00134942;5;14.0;
P00359042;2;8.0;14.0
P00088842;8;;
P00159442;5;8.0;
P00341242;7;;
P00122542;11;;
P00295342;2;8.0;
P00323642;8;;
P00101542;13;16.0;
P00307942;6;8.0;
P00297542;8;;
P00287642;8;17.0;
P00115742;6;10.0;16.0
P00120542;8;14.0;
P00330342;5;11.0;16.0
P00296942;8;;
P00332142;8;14.0;
P00370042;1;8.0;16.0
P00130242;8;;
P00320742;1;4.0;9.0
P00101042;5;12.0;
P00169742;1;8.0;15.0
P00352242;1;6.0;16.0
P00181742;11;16.0;
P00078242;5;;
P00059842;5;;
P00072842;5;8.0;
P00198242;2;4.0;9.0
P00335842;5;;
P00174842;17;;
P00214842;14;;
P00248742;5;;
P00052242;8;;
P00047742;16;;
P00155142;1;16.0;
P0009842;8;16.0;
P00052742;16;;
P00036242;5;8.0;
P00025342;6;8.0;16.0
P00271042;6;16.0;
P00312842;16;;
P00370642;8;16.0;
P00309342;16;;
P00109842;8;;
P00287342;5;;
P00192242;3;4.0;5.0
P00025942;8;14.0;
P00084242;8;14.0;
P00107242;10;;
P00128542;1;15.0;
P00260642;3;13.0;
P00082242;11;;
P00249742;1;15.0;18.0
P00129042;1;11.0;
P00288242;5;14.0;
P00184242;9;15.0;
P00302642;16;;
P00126042;8;14.0;
P00349442;6;8.0;
P00169642;5;;
P00010542;2;4.0;5.0
P00222042;1;8.0;
P0096342;8;;
P00356742;5;;
P00155242;3;4.0;12.0
P00041942;5;18.0;
P00358342;11;15.0;16.0
P00127742;1;2.0;15.0
P00066942;8;14.0;
P00085842;12;;
P00284742;5;12.0;
P00254242;5;11.0;12.0
P00210542;5;;
P00086342;8;;
P00315642;8;13.0;
P0099442;6;8.0;
P00108542;5;8.0;14.0
P00337142;12;;
P00111242;1;18.0;
P00263542;16;;
P00250942;11;16.0;
P00265442;5;;
P00006842;5;;
P00156842;4;5.0;
P00075442;5;11.0;
P00217342;1;15.0;
P00195042;6;8.0;14.0
P00253542;8;;
P00324642;8;;
P00228342;1;13.0;16.0
P0098742;8;;
P00026642;8;;
P00296242;8;;
P00144042;2;3.0;4.0
P00040942;16;;
P00043842;8;13.0;14.0
P00032142;5;11.0;
P00000542;5;;
P00035642;8;;
P00291242;8;;
P00198842;8;14.0;
P00256342;5;;
P00298442;16;;
P00191942;2;3.0;4.0
P00230942;5;14.0;
P00305342;5;;
P00157142;11;16.0;
P00256842;5;;
P00002042;1;;
P00294242;4;5.0;
P00193642;2;3.0;4.0
P00109542;8;14.0;17.0
P00169442;8;;
P00022142;1;;
P00231242;16;;
P00299142;5;;
P00337542;5;14.0;
P00065042;5;15.0;
P00148442;2;16.0;
P00349242;8;;
P00289842;1;16.0;
P00033942;5;;
P00190542;3;4.0;
P00207942;6;8.0;
P00164842;5;16.0;
P00266442;5;;
P00346242;1;15.0;
P00103242;8;;
P00061542;5;;
P00209142;5;8.0;
P00052442;5;8.0;
P00116542;5;17.0;
P00325742;2;9.0;
P00340042;5;8.0;
P00221742;1;8.0;
P00241742;5;;
P00018842;8;;
P00297742;8;17.0;
P00168142;8;;
P00106042;5;;
P00163442;6;8.0;13.0
P00237842;5;;
P00300042;16;;
P00196542;5;8.0;14.0
P00273942;5;12.0;
P00272842;5;14.0;
P00116042;8;;
P00012142;5;;
P00104942;5;;
P00117242;8;17.0;
P00085642;5;14.0;
P00123842;11;15.0;
P00300242;8;;
P00108642;8;;
P00101742;12;14.0;
P00367942;5;;
P00209642;15;16.0;17.0
P00085342;10;13.0;
P00111942;8;17.0;
P00283142;13;14.0;16.0
P00186642;2;4.0;15.0
P00177142;8;13.0;
P00350142;8;17.0;
P00123742;11;;
P00338842;11;16.0;
P00368442;11;;
P00316842;4;5.0;
P00320042;1;8.0;
P0095642;5;;
P00206342;5;8.0;
P00316442;5;14.0;
P00218742;5;;
P00124942;11;;
P00267242;11;;
P00193942;11;;
P00180542;11;;
P00226842;11;;
P00204742;8;;
P00285242;17;;
P00232642;8;;
P00282342;2;;
P00257842;11;;
P00303942;8;13.0;
P00212442;11;16.0;
P00354842;8;;
P00223142;5;;
P00191342;2;4.0;9.0
P00015842;1;14.0;16.0
P00330242;5;;
P00310342;6;8.0;
P00006942;1;5.0;6.0
P00296142;5;;
P00015742;7;;
P00280842;1;8.0;
P00253142;1;2.0;5.0
P00012242;2;4.0;9.0
P0096842;3;4.0;12.0
P00145142;5;;
P00054342;7;;
P00223742;2;4.0;8.0
P00150842;11;13.0;16.0
P00232042;11;;
P00177542;1;8.0;
P00359742;1;5.0;
P00210042;8;14.0;
P00297342;5;;
P00206042;5;;
P00294842;8;;
P00059642;1;2.0;3.0
P00368142;2;15.0;
P00327642;18;;
P00126542;8;;
P00088442;8;;
P00176142;8;;
P00040142;5;;
P00321042;1;17.0;
P00252742;8;;
P00056542;8;13.0;
P00022742;8;;
P00120742;8;12.0;17.0
P00054242;1;6.0;14.0
P00295742;8;;
P00336942;5;;
P00136842;1;8.0;16.0
P00304042;5;;
P00127042;4;5.0;
P00166042;5;;
P00315842;5;;
P00271542;18;;
P00311342;17;;
P00088042;1;2.0;
P00256442;5;;
P00215042;5;;
P00353142;5;;
P00276242;8;17.0;
P00031742;8;;
P00176642;6;8.0;
P00174042;4;5.0;
P00029142;8;;
P00070942;3;5.0;16.0
P00211442;8;;
P0099242;8;14.0;
P00034342;5;;
P00024942;5;;
P00246642;15;;
P00074642;5;9.0;14.0
P00105342;1;2.0;15.0
P00319142;5;14.0;
P00329242;5;14.0;
P0094342;4;5.0;18.0
P00280242;5;;
P00151042;5;;
P00000342;5;14.0;
P00211542;5;;
P00218942;5;;
P00278242;1;;
P00284842;1;8.0;17.0
P00102142;13;16.0;
P00175642;8;;
P00222842;8;;
P00054942;5;8.0;
P00002442;8;15.0;
P00026742;8;11.0;
P00018642;8;;
P00054042;18;;
P00228642;5;18.0;
P0098442;7;8.0;
P00106642;7;;
P00114442;5;6.0;
P00228042;5;;
P00053742;5;14.0;
P0094742;2;4.0;5.0
P00036442;16;;
P00064142;16;;
P00021942;8;16.0;
P00221242;1;17.0;
P00113842;6;8.0;16.0
P00133842;8;;
P00067142;5;;
P00191242;3;4.0;12.0
P00253242;5;;
P00197042;5;;
P00196642;8;14.0;
P00195542;2;12.0;
P00236942;12;;
P00190442;4;12.0;
P00294442;3;4.0;12.0
P00179842;11;;
P00237642;5;14.0;
P00302342;8;;
P00221842;1;8.0;
P00174242;15;16.0;
P00226342;11;15.0;
P00119842;7;17.0;
P00230342;5;14.0;
P00224342;8;;
P00037342;8;11.0;
P00184642;8;14.0;
P00138342;8;14.0;
P00188242;8;14.0;
P00137142;13;;
P00238742;13;;
P00220742;2;4.0;9.0
P00022442;8;16.0;
P00183342;5;15.0;18.0
P00189242;5;;
P00232842;8;;
P00026242;8;;
P00075542;8;13.0;
P00224242;8;;
P00368642;11;15.0;
P00186542;2;4.0;8.0
P00317142;2;15.0;
P00309942;5;;
P00184042;1;8.0;
P00029442;8;14.0;
P00226942;11;;
P00050842;6;16.0;
P00334042;1;11.0;15.0
P00081842;8;;
P00157342;8;;
P00215642;8;;
P00002242;6;8.0;16.0
P00041342;11;15.0;16.0
P00039742;5;;
P00139542;5;;
P00216442;5;;
P00266942;8;13.0;14.0
P00040342;18;;
P00074042;16;;
P00049242;5;;
P00140442;1;6.0;14.0
P00269242;11;13.0;
P00155342;5;13.0;
P00252942;2;5.0;
P00190342;4;12.0;
P00187942;4;8.0;
P00020242;8;14.0;
P00212142;8;;
P00195742;3;4.0;
P00261842;2;14.0;
P00221142;1;;
P00059142;8;14.0;
P00280142;5;11.0;
P00023342;3;4.0;5.0
P00184742;11;16.0;
P00259842;1;14.0;16.0
P00157942;8;;
P00299442;3;4.0;
P00013642;8;14.0;
P00217442;1;2.0;11.0
P00000442;5;8.0;
P0094442;18;;
P00331042;5;8.0;
P0096142;3;4.0;
P00368042;2;15.0;
P00113442;3;5.0;
P00069342;5;;
P00188042;5;;
P00360542;16;;
P00200242;8;10.0;16.0
P00334642;1;8.0;14.0
P00086142;5;;
P00209942;5;8.0;
P00226542;1;5.0;
P00316942;4;5.0;
P00233042;1;8.0;
P00142342;5;;
P00362842;5;18.0;
P00199342;2;9.0;15.0
P00044942;1;2.0;
P00191042;3;4.0;
P00004542;5;8.0;
P00126842;8;;
P00044542;8;18.0;
P00025642;4;8.0;
P00052542;8;;
P00212042;13;15.0;
P00264042;4;;
P00185542;4;5.0;
P00124042;11;;
P00173042;13;15.0;16.0
P00233742;1;15.0;
P00178842;2;4.0;9.0
P00235842;11;15.0;16.0
P00233642;1;15.0;
P00363342;15;;
P00224042;8;;
P00337842;5;;
P00261542;16;;
P00235542;11;16.0;
P00207442;16;;
P00210342;3;4.0;
P00044242;2;4.0;8.0
P00302442;5;6.0;
P00005342;4;5.0;
P00220042;5;8.0;
P00170242;2;3.0;4.0
P00201042;8;;
P00020442;8;;
P00010942;1;2.0;6.0
P00192842;5;14.0;
P00222442;5;;
P00189542;8;17.0;
P00228442;1;17.0;
P00247142;8;15.0;16.0
P00351042;5;;
P00100742;5;17.0;
P00357042;5;;
P00113042;11;16.0;
P00030442;5;;
P00315542;5;;
P00086742;5;;
P00022342;8;16.0;
P00116942;6;10.0;16.0
P00172142;8;;
P00110042;5;14.0;
P00142042;8;;
P00158742;5;8.0;
P00332942;5;8.0;
P00332042;8;16.0;
P00018542;16;;
P00007942;8;;
P00149442;1;8.0;16.0
P00029942;8;;
P00208542;8;;
P00257042;5;14.0;
P00176742;8;14.0;
P00344442;5;8.0;14.0
P00083342;5;8.0;14.0
P00189142;8;;
P00164942;1;8.0;
P00343942;7;;
P00163242;1;8.0;14.0
P00185442;15;;
P00046042;5;17.0;
P00070742;5;;
P00080642;1;16.0;
P00328742;1;17.0;
P00079642;8;;
P00065442;8;16.0;
P00058242;3;4.0;12.0
P00078642;4;5.0;
P00215742;5;16.0;
P00189342;5;;
P00116242;8;15.0;
P00101442;2;8.0;
P00230642;5;;
P00177242;12;;
P00336042;5;12.0;
P00233942;1;15.0;
P00032342;11;15.0;
P00124342;11;;
P00078442;8;;
P00302142;5;14.0;
P00175242;2;;
P00177742;8;;
P00344342;8;14.0;
P00298542;16;;
P00191642;3;4.0;12.0
P00257542;5;;
P00108842;5;15.0;
P00354142;6;8.0;
P00360942;8;;
P00286342;7;;
P00299542;8;;
P00066242;1;2.0;5.0
P00271442;18;;
P00081542;5;;
P00086642;8;;
P00046842;8;16.0;
P00358142;8;14.0;
P00124742;10;16.0;
P00177842;8;;
P00354942;8;;
P00335942;8;;
P00314942;8;;
P00347042;8;;
P00328642;8;16.0;
P00239342;8;;
P00195342;2;5.0;
P00342742;8;14.0;
P00004342;8;;
P00258842;5;;
P00258942;5;11.0;
P00225642;11;15.0;
P00252142;8;;
P00118642;1;8.0;14.0
P00108442;5;;
P00251842;1;15.0;16.0
P00089942;8;;
P00175442;8;;
P00256942;8;;
P00118942;8;;
P00108942;8;;
P00237942;8;;
P00183542;4;5.0;
P00080042;5;14.0;
P00040042;5;;
P00008742;5;;
P00009242;8;;
P00027442;8;16.0;
P00324842;8;;
P00046442;8;;
P00186842;3;4.0;
P00193742;8;15.0;
P00321842;8;;
P00283542;5;;
P00265642;8;;
P00179342;11;;
P00265842;5;;
P00039542;8;;
P00052042;1;;
P00346842;11;;
P00017442;8;14.0;
P00350642;8;;
P00348342;8;17.0;
P00125642;5;14.0;
P0097742;8;;
P00034142;8;13.0;16.0
P00165642;1;8.0;16.0
P00075342;1;2.0;16.0
P00358942;11;15.0;
P00219142;5;;
P00219042;5;;
P00247942;5;14.0;15.0
P00064242;5;;
P0096742;2;4.0;12.0
P00187342;4;5.0;15.0
P00310842;6;8.0;10.0
P00362642;8;18.0;
P00261242;1;17.0;
P0095742;4;5.0;
P00133642;5;;
P00267642;8;;
P00150042;8;;
P00274542;6;16.0;
P00025142;13;16.0;
P00200342;16;;
P00286742;1;16.0;
P00150442;5;;
P00286642;11;14.0;
P00324542;5;8.0;
P00045142;1;2.0;6.0
P00183642;4;5.0;9.0
P00262442;4;5.0;
P00020542;18;;
P00035142;1;5.0;
P00273542;8;14.0;
P00234642;1;6.0;8.0
P00006042;8;16.0;
P00028342;16;;
P00207342;5;8.0;14.0
P00278442;11;;
P00034242;5;8.0;14.0
P00254942;16;;
P00158842;8;14.0;
P00036742;1;16.0;
P00156042;8;;
P00283342;5;14.0;
P00220642;8;;
P00254342;5;11.0;
P00086842;14;16.0;
P00038142;1;5.0;8.0
P00036142;5;;
P00269642;11;16.0;
P00269742;11;16.0;
P00285342;5;8.0;
P00149342;13;16.0;
P00202242;10;16.0;
P00170542;5;8.0;
P00017242;11;;
P00088742;5;;
P00364142;8;;
P00294142;5;8.0;15.0
P00053342;1;2.0;4.0
P00151242;5;8.0;16.0
P00259942;16;;
P00356442;18;;
P00024842;8;;
P00103342;8;;
P00035042;5;8.0;14.0
P00184542;8;13.0;
P00290042;8;;
P00086242;10;;
P00316242;5;;
P00294042;8;14.0;
P00092942;8;17.0;
P00322142;1;14.0;
P00017642;1;4.0;
P00033542;5;;
P00273742;1;17.0;
P00259242;5;;
P00109742;8;;
P00287242;5;;
P00002342;16;;
P00121242;2;;
P00068142;5;;
P00146042;1;13.0;15.0
P00182542;5;11.0;
P00251442;5;;
P00169142;5;8.0;
P00233142;1;11.0;15.0
P00190942;3;4.0;
P00297842;1;;
P00004442;1;2.0;
P00077842;5;12.0;
P00263442;16;;
P00170942;5;8.0;14.0
P00146842;6;8.0;16.0
P00281042;5;;
P00308242;5;8.0;14.0
P00196442;5;;
P00051842;4;8.0;
P00202142;8;16.0;17.0
P00292042;8;;
P00190842;2;5.0;12.0
P00113742;5;14.0;
P00180242;11;;
P00149642;5;14.0;
P00084142;5;12.0;
P00240042;5;;
P00145742;1;2.0;
P00084542;5;;
P00346742;11;16.0;
P00269442;11;15.0;
P00151942;11;;
P00342442;11;15.0;16.0
P00240542;5;11.0;
P00332842;4;5.0;
P00183842;4;9.0;12.0
P00152242;14;16.0;
P00076042;8;;
P00204242;6;8.0;
P0095242;4;5.0;
P00185642;4;5.0;
P00082742;4;8.0;9.0
P00327542;5;;
P00319842;3;5.0;
P00171642;5;8.0;14.0
P00198942;5;;
P00367742;11;15.0;
P00322542;8;;
P00225142;8;14.0;
P00043642;5;;
P00046942;16;;
P00210642;8;14.0;
P00272142;8;;
P00170142;8;;
P00213142;7;;
P00240342;2;15.0;
P00347742;7;;
P00218042;5;;
P00119442;5;;
P00043142;5;14.0;
P00155942;8;17.0;
P00049042;8;;
P00079842;6;8.0;
P0097042;6;;
P00199642;16;;
P00231442;5;;
P00357742;4;;
P00187042;2;4.0;5.0
P00146342;5;14.0;
P00009042;8;16.0;
P00005142;5;;
P00017142;5;;
P00084042;12;14.0;
P00344542;16;;
P00059042;5;;
P00208142;8;;
P00284942;16;;
P00287442;8;;
P00235342;11;;
P00018042;15;16.0;
P00226242;11;15.0;
P00105242;11;;
P00364842;5;16.0;
P00242542;5;8.0;14.0
P00159142;7;;
P00342142;11;15.0;16.0
P00365642;5;8.0;
P00007542;15;16.0;
P00181442;11;;
P00281142;11;15.0;
P00236342;5;14.0;
P00268242;5;14.0;
P00043742;5;8.0;
P00033742;8;12.0;
P00236042;5;;
P00351242;3;4.0;5.0
P00065742;6;;
P00267342;1;2.0;5.0
P00183942;3;4.0;
P00359642;11;;
P00067842;6;10.0;16.0
P00170842;2;5.0;
P00061842;5;;
P00158442;5;;
P00162242;1;8.0;
P00138442;1;2.0;16.0
P00007242;8;12.0;
P00220942;18;;
P00070442;1;15.0;
P00084942;5;8.0;
P00112842;8;17.0;
P00369142;15;16.0;
P00041442;13;14.0;16.0
P00183042;15;16.0;
P00233242;15;;
P00333742;11;15.0;
P00333842;11;15.0;
P00249342;5;;
P00354542;5;;
P00122342;5;;
P00035942;1;5.0;18.0
P00324342;8;14.0;
P0098142;8;14.0;
P00276842;5;14.0;
P00320542;8;14.0;
P00135042;14;;
P00083742;2;17.0;
P00134442;17;;
P00032742;8;17.0;
P00296542;8;;
P00083642;8;;
P00033842;8;;
P00011742;8;;
P00046342;5;8.0;
P00232242;11;;
P00216242;3;4.0;5.0
P00151142;6;16.0;
P00321542;5;;
P00350242;5;14.0;
P00015042;8;17.0;
P00165842;14;;
P00295042;1;8.0;
P00227342;11;;
P00186442;5;;
P00355742;3;4.0;
P00177042;8;;
P00220542;8;;
P00327142;8;15.0;
P0094842;4;8.0;
P00147842;8;;
P00227142;5;;
P00092442;2;4.0;
P00339842;1;14.0;15.0
P00129242;5;;
P00176542;8;14.0;17.0
P00338942;1;8.0;17.0
P00226642;5;6.0;
P00232442;5;;
P00015242;5;17.0;
P00271242;8;14.0;
P00041242;8;14.0;
P00134542;5;14.0;
P00180742;11;;
P00205142;8;;
P00039442;11;16.0;
P00170342;1;15.0;
P00291342;8;;
P00134142;5;;
P00176242;8;;
P00347642;1;6.0;
P00291442;5;8.0;
P00240842;8;;
P00357642;5;;
P00167742;7;12.0;
P00357142;8;;
P00132642;1;;
P00069542;5;;
P00148542;1;16.0;17.0
P00030742;1;;
P00361642;5;;
P00285042;16;;
P00257442;16;;
P00356042;1;15.0;
P00045442;5;;
P00193842;11;16.0;
P00262342;15;16.0;
P00112242;5;8.0;14.0
P00055242;11;;
P00037442;18;;
P00088342;8;14.0;
P00313742;18;;
P00369042;8;16.0;
P00367642;5;;
P00287942;8;14.0;
P00242342;8;;
P00224742;8;;
P00057042;5;8.0;
P00001442;8;;
P00212842;8;16.0;
P00293842;1;2.0;9.0
P00337442;5;;
P00306042;2;8.0;
P00053142;1;;
P00213542;11;;
P00061342;3;4.0;12.0
P00215242;1;2.0;8.0
P00006542;15;16.0;
P00000942;1;;
P00229642;8;11.0;16.0
P00174542;11;15.0;
P00137442;8;12.0;
P00271342;8;14.0;
P00271942;5;8.0;
P00121542;8;15.0;
P00046242;8;;
P00016642;5;;
P00329642;8;14.0;
P00036042;8;;
P00125442;8;;
P00037742;8;;
P00206142;8;;
P00368942;11;;
P00348642;5;11.0;
P00341742;15;;
P00304342;1;5.0;6.0
P00257642;5;11.0;
P00243242;11;14.0;
P00368342;5;;
P00288742;16;;
P00004142;8;17.0;
P00026942;5;;
P00126942;8;;
P00107742;8;;
P0099642;8;;
P00347942;8;;
P00244742;11;;
P00266142;5;11.0;
P00193442;8;;
P00042042;5;;
P00036342;5;8.0;
P00225942;11;;
P00345242;5;11.0;
P00262542;5;8.0;
P00302542;5;;
P00079142;11;;
P00135142;13;16.0;
P00278542;8;;
P00366642;5;8.0;
P00104742;7;;
P00056842;7;;
P00255342;8;;
P00251042;8;;
P00352942;1;2.0;
P00230242;3;15.0;
P00174742;12;;
P00218442;1;;
P00277742;8;;
P00339042;5;;
P00020842;8;;
P00200442;13;16.0;
P00033042;5;14.0;
P00003842;5;;
P00229842;5;14.0;
P00316142;5;;
P00365042;6;16.0;
P00068842;5;15.0;
P00005842;8;13.0;
P00141242;8;;
P00067042;8;;
P00149242;8;;
P00248042;8;;
P00139142;8;;
P00157842;8;;
P00055442;8;;
P00266742;8;13.0;14.0
P00138142;8;14.0;
P00204542;8;;
P00153342;14;;
P00109142;8;17.0;
P00068442;18;;
P00219942;6;16.0;
P00147042;8;14.0;
P00237242;1;6.0;
P00145242;2;4.0;
P00200142;16;;
P00134042;5;17.0;
P00014242;8;;
P00000842;2;4.0;
P00010042;5;;
P00131242;8;;
P00163042;16;;
P00045642;8;14.0;
P00155042;6;16.0;
P00176342;8;;
P00274442;1;18.0;
P00047142;2;4.0;
P00049742;8;;
P00126242;2;4.0;5.0
P00040642;5;;
P00066642;1;;
P00238642;1;5.0;
P00132842;1;5.0;
P00242142;5;9.0;
P00152942;5;;
P00016142;5;8.0;
P00160542;5;12.0;
P00233842;1;15.0;
P00069242;8;11.0;
P00092542;8;14.0;
P00293142;5;;
P00230442;14;;
P00141542;5;;
P00011942;8;13.0;14.0
P00163742;5;6.0;8.0
P00052142;8;14.0;
P00156142;5;8.0;
P00040742;1;5.0;
P00105642;8;;
P00258342;11;;
P00049942;11;15.0;
P00337642;3;4.0;
P00037042;1;15.0;
P00224542;8;;
P00317042;3;4.0;
P00356842;8;16.0;
P00362042;5;7.0;
P00261342;1;17.0;
P00260342;1;15.0;
P00176442;8;;
P00181242;11;;
P00180642;11;;
P00305642;7;;
P00283842;8;;
P00365842;8;;
P00269942;1;2.0;
P00245242;11;;
P00340242;18;;
P00079042;11;;
P00331742;11;;
P00326042;2;;
P00116642;5;;
P00131042;8;;
P00344042;18;;
P00173442;8;13.0;
P00197942;6;11.0;
P00181642;11;16.0;
P00045042;6;8.0;16.0
P00277242;16;;
P00132542;8;;
P00160442;8;;
P00301242;5;;
P00327742;8;;
P00087142;13;14.0;16.0
P00219742;6;11.0;16.0
P00018942;8;;
P00049342;8;;
P00072942;8;;
P00043942;8;;
P00050942;1;8.0;
P00047542;8;;
P00056142;5;8.0;
P00023942;6;8.0;
P00256142;5;8.0;
P00088642;5;8.0;17.0
P00276342;5;;
P00175842;5;;
P00360242;5;;
P0095442;4;5.0;13.0
P00121442;8;;
P00216942;5;;
P00080742;8;;
P00152642;6;;
P00070242;5;11.0;
P00142842;2;4.0;8.0
P00213042;1;2.0;15.0
P00131742;8;;
P00290242;8;14.0;17.0
P00301542;16;;
P00246542;15;;
P00307442;5;8.0;
P00241042;8;;
P00020642;8;;
P00197742;14;;
P00173542;5;8.0;
P00109042;8;;
P00230542;5;15.0;
P00232542;11;;
P00085142;5;13.0;14.0
P00130942;5;8.0;
P00027042;5;14.0;
P00160642;1;11.0;15.0
P00253742;1;16.0;
P00344142;18;;
P00093442;8;16.0;
P00224842;8;;
P00200042;16;;
P00349342;8;;
P00325942;5;;
P00258542;11;;
P00305242;1;5.0;
P00109642;5;17.0;
P00139842;5;;
P00000742;5;14.0;
P00294642;8;;
P00361342;5;;
P00250742;8;;
P00032942;15;16.0;
P00082342;15;16.0;
P00327442;5;8.0;
P00172542;5;8.0;
P00313842;1;2.0;17.0
P00010342;8;14.0;
P00215842;5;;
P00013142;5;;
P00011842;5;14.0;
P00008242;8;;
P00173742;1;5.0;8.0
P00307142;8;;
P00214942;8;;
P00309442;8;;
P00365742;8;;
P00250442;14;;
P00061442;17;;
P00286542;8;;
P00032542;8;;
P00003742;7;;
P00234442;7;;
P00075842;14;;
P00010442;5;8.0;
P00338142;5;8.0;
P00204942;5;8.0;
P00234142;1;;
P00075942;5;14.0;
P00330542;5;8.0;
P00355242;5;8.0;
P00105542;8;;
P00033242;8;;
P00202742;5;13.0;14.0
P00295442;8;;
P00165142;5;7.0;
P00219342;5;14.0;
P00018342;11;;
P00161842;10;13.0;16.0
P00146442;8;;
P00056442;2;4.0;
P00354642;8;13.0;
P00083042;3;4.0;
P00272542;8;;
P00356942;8;17.0;
P00331442;8;;
P00005942;2;4.0;9.0
P00272942;5;;
P00315042;8;;
P00239742;8;14.0;15.0
P00037242;8;;
P00073942;8;;
P00165942;8;;
P00142242;8;;
P00280342;16;;
P00194242;11;16.0;
P00008442;8;14.0;
P00328942;5;6.0;8.0
P00217842;1;2.0;8.0
P00179542;11;;
P00179742;11;;
P00123642;11;16.0;
P00232942;8;16.0;
P00254142;8;;
P00048342;5;8.0;14.0
P00015142;5;;
P00283042;5;;
P00081242;5;6.0;
P00296642;7;;
P00199742;5;16.0;
P00186342;2;4.0;9.0
P00125042;11;;
P00304942;6;8.0;
P00182042;11;;
P00200842;8;;
P00125542;6;16.0;
P00260242;5;16.0;
P00237142;5;;
P00199142;5;8.0;14.0
P00340942;8;;
P0094642;4;5.0;
P00292342;8;;
P00318642;2;5.0;15.0
P00305942;5;14.0;
P00362742;8;;
P00282542;8;;
P00084742;5;12.0;14.0
P00355342;8;;
P00349642;8;18.0;
P00286442;8;;
P00239642;5;;
P00300442;8;;
P00349742;8;;
P00326542;5;;
P00119042;5;;
P00252642;8;;
P00202542;13;16.0;
P00292742;7;12.0;
P00001842;16;;
P00369442;11;;
P00194042;8;11.0;
P00354242;5;;
P00185042;5;14.0;
P00336742;12;;
P00160342;8;;
P00370142;16;;
P00213942;5;14.0;
P00162042;1;6.0;
P00238942;8;14.0;
P00223042;1;2.0;8.0
P00087542;5;12.0;
P00193142;5;;
P00227942;2;5.0;
P00137742;5;;
P00019842;5;;
P00040242;5;16.0;
P00327042;8;;
P00029642;5;8.0;
P00178542;8;13.0;
P00116442;5;11.0;
P00265042;16;;
P00039242;1;15.0;
P00112942;1;16.0;
P00296742;8;;
P00088942;8;;
P00038442;1;;
P00222642;5;;
P00072442;2;;
P00370442;8;;
P00306242;3;4.0;
P00297442;2;15.0;
P00181342;11;;
P00252542;8;;
P00216842;8;;
P00287842;8;18.0;
P00207642;2;5.0;
P00044642;1;;
P00169042;1;16.0;
P00045942;5;8.0;
P00220842;4;8.0;
P00366242;11;;
P00273142;8;;
P00119942;8;14.0;
P0099842;5;12.0;14.0
P00076442;1;2.0;
P00108342;1;;
P00174342;8;;
P00009142;5;14.0;
P00184842;5;6.0;
P00267842;5;14.0;
P00263142;5;;
P00003142;8;;
P00123542;11;;
P00239242;5;8.0;14.0
P00352742;1;;
P00110642;5;;
P00308642;18;;
P00246842;17;;
P00314042;14;18.0;
P00340342;1;8.0;17.0
P00342342;11;15.0;16.0
P00328442;5;14.0;
P00009742;7;;
P00029342;8;14.0;
P00238042;8;;
P00168542;5;;
P00289442;8;;
P00321342;1;;
P00275542;1;;
P00256742;8;;
P00135642;8;;
P00239842;5;8.0;
P00021442;8;;
P00075642;4;5.0;
P00341942;11;15.0;16.0
P00123942;1;11.0;
P00253642;11;;
P00056242;4;5.0;
P00016442;2;4.0;8.0
P00102742;5;;
P00314242;8;;
P00345942;8;15.0;
P00003042;8;;
P00306142;5;;
P00163542;2;4.0;5.0
P00182842;5;;
P00293542;8;;
P00126442;7;;
P00042442;5;;
P0096042;3;4.0;12.0
P00186142;1;2.0;4.0
P00059242;11;;
P00195242;8;;
P00205842;5;;
P00230142;7;;
P00039642;8;;
P00319742;8;;
P00156242;4;5.0;9.0
P00179142;11;;
P00034642;4;5.0;
P00320242;1;8.0;
P00213342;5;;
P00235742;5;;
P00192142;2;8.0;
P00166642;8;;
P00210442;5;;
P00037842;1;5.0;
P00111642;1;3.0;4.0
P00049142;1;15.0;
P00273242;8;16.0;
P00225542;5;8.0;
P00103642;7;;
P00324242;15;16.0;
P00217142;1;15.0;
P00348442;3;12.0;
P00263842;8;13.0;
P00339742;8;;
P00179942;11;;
P00108042;5;;
P00008642;4;5.0;
P00047642;5;;
P00076542;4;5.0;9.0
P00243342;11;;
P00035442;7;;
P00052342;8;;
P00213842;7;;
P00292242;1;17.0;
P00174942;18;;
P00213642;11;;
P00274842;1;6.0;16.0
P00348842;1;6.0;
P00347542;1;6.0;
P00217542;1;2.0;11.0
P00320142;1;8.0;
P00326942;5;14.0;
P00336542;12;;
P00203442;5;14.0;
P00367342;11;;
P00359542;11;;
P00193342;11;16.0;
P00245942;15;;
P00196342;2;9.0;14.0
P00122842;11;;
P00284142;3;4.0;
P00365142;6;16.0;
P00351642;8;15.0;16.0
P00186242;4;5.0;
P00263042;1;16.0;
P00043342;8;14.0;
P00123342;11;;
P00180442;11;;
P00359342;11;;
P00217642;1;2.0;11.0
P00122942;11;;
P00122742;11;;
P00131442;6;8.0;14.0
P00017842;16;;
P00023842;3;4.0;
P00198342;5;11.0;
P00347442;5;;
P00036942;5;14.0;
P00167642;5;;
P00218142;1;2.0;
P00225742;2;4.0;
P00110442;7;;
P00082542;8;16.0;
P00003542;8;14.0;
P00147542;2;14.0;
P00175042;8;;
P00113542;8;17.0;
P00000242;2;4.0;9.0
P00164742;4;5.0;
P00110242;8;;
P00085742;4;8.0;
P00307742;5;;
P00191842;4;5.0;
P00033142;2;8.0;
P00023742;5;;
P00147242;5;;
P00343542;8;11.0;
P00245342;11;;
P00206742;11;15.0;
P00132942;1;;
P00082842;1;;
P00352542;1;17.0;
P00245842;5;7.0;
P00028142;5;14.0;
P00366842;8;;
P00238342;8;;
P00189742;2;4.0;
P00020742;5;;
P00031942;11;;
P00197242;4;5.0;
P00245742;15;;
P00131142;8;;
P00263642;6;8.0;
P00185142;4;5.0;
P00290542;5;;
P00054442;8;;
P00310542;8;;
P00240942;8;;
P00308542;1;;
P00343842;7;;
P00225442;16;;
P00267942;8;14.0;
P00064442;17;;
P00037942;8;;
P00360842;5;;
P00032642;13;16.0;
P00054742;8;;
P00235942;11;15.0;16.0
P00185342;3;4.0;
P00142742;5;14.0;
P00219542;5;6.0;
P00294342;8;;
P00369942;2;3.0;4.0
P00323542;8;18.0;
P00291942;8;17.0;
P00288842;8;14.0;
P00187142;2;4.0;5.0
P00218542;11;15.0;
P00196942;5;11.0;
P00061042;8;16.0;
P00171042;16;;
P00047842;8;;
P00300642;5;14.0;
P00194842;5;;
P00370542;8;;
P00333442;8;;
P00222542;5;8.0;
P00283642;5;17.0;
P00058642;18;;
P00319542;8;14.0;
P00015442;8;;
P00008042;6;8.0;14.0
P00352342;8;14.0;
P00256242;5;8.0;
P00205042;5;8.0;
P00349842;5;14.0;
P0095942;3;4.0;
P00090442;18;;
P0093942;8;16.0;
P00363242;1;2.0;9.0
P00248242;5;8.0;
P00279842;8;;
P00328242;8;;
P00356542;1;2.0;
P00124442;11;;
P00001342;3;4.0;
P00202442;5;;
P00286042;18;;
P00258142;11;;
P00243642;11;;
P00314642;15;;
P00166742;5;16.0;
P00356142;8;;
P00201542;5;;
P00153142;1;8.0;
P00276542;8;;
P00019042;5;8.0;14.0
P00168442;5;;
P00006342;5;14.0;
P00006242;5;;
P00093542;1;6.0;
P00029042;5;;
P00131342;5;;
P00136642;14;;
P00299242;8;;
P00170042;8;;
P00148242;8;;
P00269342;2;3.0;4.0
P00260542;5;;
P00316542;5;;
P00275442;8;;
P00008342;5;8.0;
P00175942;8;;
P00325242;16;;
P00168642;7;;
P00235442;1;15.0;
P00107542;8;;
P00124142;11;;
P00245542;11;15.0;
P00368542;11;15.0;
P00338042;5;;
P00146942;1;;
P00147442;1;5.0;
P00221642;5;15.0;
P00335042;6;8.0;
P00112042;18;;
P00301042;5;;
P00003342;2;14.0;
P00320642;8;;
P00363942;5;;
P00090242;6;8.0;
P00311542;5;;
P00347842;5;14.0;
P00275942;8;14.0;
P00172342;8;14.0;
P00236642;6;16.0;
P00259742;8;14.0;
P00286142;16;;
P00264542;2;15.0;16.0
P00332442;16;;
P00182942;6;8.0;10.0
P00276442;11;16.0;
P00241342;1;11.0;15.0
P00060542;5;;
P00208242;8;;
P00243842;8;;
P00004042;8;;
P00239942;5;14.0;
P00354742;8;;
P00339442;16;;
P00091642;14;17.0;
P00051542;8;;
P00166142;5;;
P00261142;1;17.0;
P00255142;8;;
P00198542;8;;
P00023242;2;4.0;
P00026142;5;;
P00073742;8;14.0;
P00359442;11;;
P00019542;16;;
P00337742;5;14.0;
P00149942;5;14.0;
P00137042;8;16.0;
P00158942;1;4.0;
P0097942;8;14.0;
P00175542;5;;
P00122642;11;;
P00126642;8;;
P00196842;5;11.0;
P00154542;1;2.0;
P00007442;5;8.0;
P00305742;5;;
P00130142;8;;
P00051042;8;;
P00138042;1;2.0;4.0
P00083442;8;;
P00275242;5;14.0;
P00091342;8;;
P00224442;5;;
P00147142;6;8.0;10.0
P00361542;6;;
P00024442;4;5.0;
P00310442;8;;
P00164042;4;5.0;8.0
P00063042;8;;
P00343742;8;;
P00087642;5;14.0;
P00183742;4;5.0;18.0
P00310642;8;;
P00268042;4;5.0;
P00290942;5;8.0;
P00047042;8;;
P00027342;8;;
P00367442;8;9.0;
P00310042;5;8.0;
P00317542;1;8.0;
P00282942;5;;
P00065642;15;;
P00259542;5;;
P00319942;1;8.0;
P00024542;1;;
P00239142;5;;
P00141042;8;;
P00360142;8;;
P00282742;5;;
P00311642;8;17.0;
P00025242;2;4.0;5.0
P00005442;8;;
P00254542;8;13.0;
P00131642;8;;
P00196242;3;4.0;5.0
P00066742;13;16.0;
P00231742;6;;
P00040842;2;4.0;
P00343342;2;4.0;
P0094042;1;16.0;
P00223342;6;;
P00053442;1;2.0;16.0
P00254742;5;;
P00100042;6;10.0;
P00275742;8;16.0;
P00352442;1;17.0;
P00048542;8;14.0;
P00162342;6;8.0;
P00188642;10;;
P00253442;5;8.0;
P00044842;8;14.0;
P00146242;4;5.0;
P00143542;5;;
P00301842;5;;
P00073142;7;;
P00006742;5;14.0;
P00288142;5;;
P00339242;5;;
P00306442;8;;
P00148742;8;17.0;
P00334742;2;17.0;
P00237442;8;14.0;
P00162542;5;;
P00155542;11;15.0;
P00018242;5;;
P00011042;8;13.0;
P00313642;6;10.0;
P00090042;6;8.0;
P00308942;1;8.0;
P00322242;8;14.0;
P00135242;4;5.0;13.0
P00016942;5;;
P00188342;8;14.0;
P00055742;5;8.0;
P00212642;5;;
P00322442;8;;
P00010142;16;;
P00229042;5;14.0;
P00321642;8;;
P00298842;2;;
P00296342;8;;
P00052942;5;;
P00259442;5;;
P00207542;8;;
P00293042;8;;
P00130042;14;17.0;
P00304542;1;5.0;
P00285542;8;;
P00207742;5;14.0;
P00139042;8;17.0;
P00359142;16;;
P00194942;7;;
P00276042;2;8.0;
P00207842;13;16.0;
P00072742;8;14.0;
P00055542;5;8.0;
P00342242;11;15.0;16.0
P00019642;8;;
P00234242;8;;
P00178742;5;;
P00165242;8;14.0;
P00187242;4;5.0;
P00268742;1;8.0;
P00219442;8;;
P00159242;1;2.0;16.0
P00007842;8;16.0;
P0098842;16;;
P00208842;11;16.0;
P00202942;16;;
P00169542;5;14.0;
P00138742;14;;
P00208442;1;2.0;15.0
P00171242;11;16.0;
P00059942;8;14.0;
P00072242;7;;
P00089842;5;13.0;
P00124542;11;;
P00252342;10;;
P00044042;5;;
P00268842;8;14.0;
P00222342;8;14.0;
P00128442;1;8.0;
P00011442;5;14.0;
P00258042;11;;
P00171742;5;;
P00134642;5;;
P0098642;6;8.0;
P0099942;5;12.0;14.0
P00107142;6;10.0;16.0
P00276942;8;;
P00209242;8;;
P00353242;5;;
P00334442;8;;
P00253942;8;;
P00228942;8;14.0;
P00237342;8;14.0;
P00334342;8;;
P00231842;8;;
P00168042;8;;
P00030142;8;;
P00215942;8;;
P00132242;5;;
P00325142;3;4.0;
P00342842;5;;
P00312342;8;;
P00071142;5;;
P00144542;8;;
P00031242;10;16.0;
P00199842;16;;
P00062642;8;;
P00321442;13;16.0;
P00206842;5;14.0;
P00173142;1;5.0;6.0
P00162942;7;;
P00062142;8;16.0;
P00284242;16;;
P00118242;5;8.0;
P00258242;5;;
P00136242;1;5.0;6.0
P00080542;5;;
P00077942;5;;
P00281842;5;;
P00002742;8;;
P00134242;6;;
P00186042;4;5.0;
P00048942;1;4.0;
P00232142;11;;
P00248842;8;;
P00348042;5;;
P00067642;5;;
P00345442;5;11.0;
P00201642;1;;
P00200742;13;16.0;
P00058942;7;;
P00247242;8;;
P00152542;16;;
P00077742;2;4.0;
P00062042;5;;
P00002842;14;;
P00343142;2;4.0;
P00292642;8;;
P00166342;8;16.0;
P00236442;3;4.0;
P0094242;8;;
P00270642;5;;
P00110342;7;;
P00363042;11;;
P00125242;11;;
P00361242;16;;
P00086942;16;;
P00298742;14;;
P00258642;11;;
P00171442;8;;
P00344942;5;;
P00064742;8;;
P00199942;16;;
P00351942;6;8.0;
P00047442;5;18.0;
P00151342;7;;
P00145542;5;;
P00093042;16;;
P00230742;5;;
P00148942;8;;
P00301742;5;;
P00320342;1;8.0;
P00237042;3;4.0;
P00185242;4;5.0;
P00067542;1;2.0;
P00251742;14;;
P00030042;8;;
P00213442;8;16.0;
P00317242;8;;
P00279242;5;8.0;
P00071342;8;;
P00055942;8;;
P00245142;11;;
P00230042;8;;
P00209442;8;;
P00150642;5;8.0;
P00142642;8;14.0;
P00123442;5;11.0;
P00226042;11;;
P00081742;6;8.0;
P00009542;8;;
P00046642;1;;
P00167542;5;14.0;
P00271742;1;5.0;
P00217042;8;;
P00246442;15;;
P00358842;11;;
P00209542;5;;
P00101642;12;;
P00363442;1;;
P00179442;11;;
P00089742;8;;
P00203942;5;;
P00290342;8;;
P00242842;5;14.0;
P00146542;2;4.0;8.0
P00165042;2;4.0;
P00232742;8;;
P00312442;11;;
P00180842;11;;
P00245442;11;;
P00076742;5;;
P00144442;5;14.0;
P00356642;8;17.0;
P00366342;5;14.0;
P00241442;2;15.0;
P00349142;11;;
P00257742;11;;
P00160242;11;;
P00012842;16;;
P00227042;11;;
P00319642;6;;
P00045242;1;8.0;17.0
P00200942;3;;
P00315742;5;;
P00355042;18;;
P00164642;5;14.0;
P00333542;8;;
P00354042;1;6.0;
P00229142;5;11.0;16.0
P00359942;11;;
P00034942;8;;
P00301642;5;;
P00158342;8;;
P00140242;14;;
P00171842;8;14.0;
P00357342;8;;
P00147642;1;2.0;
P00191142;4;15.0;
P00350842;8;;
P00292442;1;2.0;
P00121942;8;;
P00361142;8;14.0;
P00340842;11;15.0;
P00073042;8;;
P00026442;8;14.0;
P00334142;8;;
P00140542;1;2.0;4.0
P00103442;11;;
P00246242;15;;
P00091042;5;8.0;
P00191542;4;5.0;
P00291542;5;;
P00356342;1;2.0;8.0
P00356242;5;;
P00188842;8;;
P00189942;4;8.0;
P00034542;8;;
P00326442;8;;
P00335142;5;;
P00060942;5;;
P00141742;5;6.0;
P00361442;7;;
P00351742;3;4.0;12.0
P00353342;3;4.0;12.0
P00267442;1;2.0;5.0
P00360642;6;16.0;
P00243742;11;;
P00243442;11;;
P00103542;5;;
P00103942;8;;
P00286242;5;;
P00140642;5;;
P00315942;1;2.0;
P00259642;3;4.0;
P00070642;11;16.0;
P00076142;8;;
P00299942;8;;
P00133342;8;;
P00107042;3;5.0;16.0
P00012042;8;;
P00009642;1;16.0;
P00138642;6;;
P00316342;5;9.0;
P00087742;5;14.0;
P00143942;5;16.0;
P00088142;2;;
P00244542;11;;
P00245042;11;;
P00137942;5;;
P00134842;5;;
P00187642;2;4.0;
P00340542;8;;
P00195142;8;;
P00287142;5;;
P00235642;8;16.0;
P00048842;8;;
P00273042;5;;
P00269042;18;;
P00255242;1;;
P00090742;18;;
P00121742;7;;
P00254442;1;2.0;
P00244942;11;;
P00071742;2;4.0;
P00112742;2;14.0;
P00353442;3;4.0;12.0
P00290742;8;14.0;18.0
P00080942;5;8.0;
P00048242;8;;
P00242442;1;;
P00215542;1;;
P00154842;14;;
P00254842;5;13.0;
P00143842;5;14.0;
P00276742;5;8.0;
P00338342;5;;
P00267042;3;4.0;
P00149842;16;;
P00228842;8;;
P00157242;16;;
P00278742;14;;
P00043442;5;14.0;
P00325842;11;;
P00012442;7;;
P00166842;8;;
P00252242;6;10.0;
P00069942;6;;
P00021542;11;;
P00160142;14;;
P00019442;8;12.0;
P00333242;8;;
P00343642;7;;
P00318042;5;8.0;
P00054842;16;;
P00260942;7;;
P00055842;8;;
P00264342;5;8.0;
P00061942;14;;
P00153442;8;17.0;
P00336342;12;;
P00056742;8;;
P00264842;11;;
P00353842;15;;
P00078042;8;;
P00071642;5;8.0;
P00204142;16;;
P00067342;8;;
P00100542;16;;
P00300542;8;;
P00156342;5;;
P00353642;5;8.0;
P00285942;8;14.0;
P00209342;8;;
P00038242;6;8.0;
P00275042;8;;
P00324142;5;;
P00345042;5;;
P00197842;6;11.0;
P00081442;6;;
P00311442;11;15.0;
P00159742;2;4.0;9.0
P00011542;5;;
P00298042;5;12.0;14.0
P00160842;8;14.0;
P00238142;5;8.0;
P00064842;8;;
P00342642;1;5.0;
P00251142;5;14.0;
P00146642;8;;
P00361042;8;14.0;
P00161042;14;16.0;
P0095042;4;5.0;8.0
P00337342;2;12.0;14.0
P00345142;5;11.0;
P00168842;1;2.0;
P00046542;5;;
P00060142;8;;
P00254042;8;;
P00071842;4;8.0;
P00151442;8;;
P00133242;5;;
P00082442;4;5.0;
P00072342;17;;
P00240642;8;;
P00314142;8;16.0;
P00132342;4;;
P00343242;2;4.0;
P00261442;1;17.0;
P00296842;1;5.0;6.0
P0093742;6;;
P00289142;8;14.0;
P00266242;11;;
P00338742;5;;
P00132442;16;;
P00222742;8;16.0;
P00172742;5;14.0;
P00060442;5;14.0;
P00181142;11;;
P00040542;8;;
P00068542;8;;
P00325642;11;15.0;
P00328842;5;;
P00018442;5;;
P00201142;5;;
P00205342;8;;
P00205742;5;;
P00139442;5;;
P00004942;8;14.0;
P00061742;5;8.0;
P00092842;1;2.0;16.0
P00030542;3;4.0;
P00202342;16;;
P0097442;8;;
P00250042;8;14.0;
P00129942;8;;
P00186742;4;;
P00063842;6;16.0;
P00323242;15;16.0;
P00341442;8;;
P00023442;16;;
P00077542;8;;
P00369342;11;;
P00327942;5;;
P00163942;8;;
P00332642;5;8.0;
P00068242;2;4.0;
P00108242;7;;
P00228542;2;;
P00325542;18;;
P00368842;15;;
P00255042;11;;
P00122042;6;;
P00014342;8;;
P00334942;11;;
P00198442;8;;
P00076642;5;;
P00050042;5;13.0;14.0
P00249442;5;8.0;14.0
P00089642;8;14.0;
P00266342;8;;
P00229442;8;;
P00255642;8;;
P00123042;11;;
P00358642;5;11.0;16.0
P00103842;5;;
P00260842;1;16.0;
P00237742;8;;
P00153042;14;;
P00114242;13;15.0;
P00144742;14;;
P00066142;8;14.0;
P00283442;8;;
P00133542;5;;
P00308442;5;;
P00278342;8;;
P00013242;7;;
P00011242;7;;
P00333342;5;8.0;
P00144842;8;;
P00204842;8;;
P00161742;5;14.0;
P00072142;8;;
P00062942;5;8.0;
P00060342;8;;
P00065842;7;8.0;
P00290142;8;;
P00159342;5;;
P00076242;5;14.0;
P00264142;8;;
P00264942;11;;
P00287742;8;;
P00224942;8;18.0;
P00104642;8;;
P00158642;8;14.0;
P00019242;8;;
P00167142;8;14.0;
P00143742;8;;
P00080842;5;;
P00255442;8;;
P00351442;8;;
P00367842;5;;
P00306742;10;;
P00136942;5;8.0;
P00167842;5;;
P00123242;11;;
P00028642;5;14.0;
P00045742;5;;
P00297242;7;;
P00277342;7;;
P00228742;8;16.0;
P00076342;2;4.0;
P00135542;13;;
P00044742;5;;
P00157042;16;;
P00340442;18;;
P00309742;5;;
P00280042;5;;
P00277142;11;16.0;
P00340142;8;;
P00284542;11;15.0;
P00358542;5;;
P00363542;7;;
P00201742;8;;
P00262042;7;;
P00211642;1;8.0;
P00366742;7;;
P00144342;15;;
P00345542;5;11.0;15.0
P00210742;16;;
P00078942;5;;
P00010642;7;;
P00007742;8;;
P00153242;8;;
P00210242;8;;
P00063542;5;;
P00279742;16;;
P00174642;8;14.0;17.0
P00365542;5;8.0;
P00330742;7;;
P00161342;1;8.0;
P00305442;8;;
P00135442;5;14.0;
P00111342;5;;
P00175342;12;;
P00358042;8;;
P00362942;5;14.0;
P00054142;16;;
P00142442;4;8.0;
P00137842;14;;
P00090142;8;;
P00291642;5;;
P00293942;8;17.0;
P00090342;12;;
P00017942;8;;
P00345342;5;11.0;
P00125842;11;16.0;
P00307242;7;;
P00005542;2;4.0;9.0
P0098042;8;;
P00164142;8;;
P00318542;8;;
P00316042;2;;
P00311742;5;8.0;14.0
P0099142;8;;
P00215142;8;;
P00154142;5;;
P00247442;5;8.0;14.0
P00308142;5;;
P00215342;8;;
P00364042;5;14.0;
P00069142;7;;
P00007642;7;;
P00027942;5;14.0;
P00014442;6;8.0;16.0
P00038542;1;;
P00341842;15;16.0;
P00240742;16;;
P00189442;8;;
P00339642;8;;
P00075142;8;;
P00081942;1;;
P00263742;5;14.0;
P00292542;5;;
P00154342;5;;
P00364942;8;;
P00283742;8;;
P00241942;8;14.0;
P00338642;7;;
P00077442;8;;
P00261642;8;;
P00334842;8;;
P00265942;5;;
P00235042;8;;
P00253342;1;;
P00207142;1;6.0;
P00364742;11;;
P00257942;11;;
P00284342;16;;
P00296442;5;8.0;
P00181042;11;;
P00271642;5;;
P00064642;1;;
P00202042;8;;
P00337242;3;4.0;5.0
P00107442;5;;
P00014142;2;4.0;
P00225342;8;;
P00169942;5;14.0;
P00353942;1;6.0;
P00185742;2;4.0;5.0
P00292942;5;14.0;
P00136142;6;16.0;
P00300342;8;;
P00323342;8;;
P00336642;8;12.0;
P00277042;7;;
P00077142;8;;
P00064342;5;;
P00201942;8;;
P00103742;1;8.0;
P00311842;11;;
P00351542;11;;
P00321142;1;;
P00299642;8;;
P00071542;5;;
P00192442;8;;
P00329142;1;16.0;
P00269842;8;;
P00131842;7;;
P00257242;7;;
P00306542;5;;
P00342942;17;;
P00275342;6;8.0;
P00248642;7;;
P00051242;8;;
P00291742;5;;
P00286942;7;;
P00011142;8;;
P00264742;11;;
P00342542;11;15.0;16.0
P00314342;1;17.0;
P00310942;6;8.0;
P00060642;8;;
P00127142;8;16.0;
P00349542;8;;
P00104442;8;;
P00307842;7;;
P00271842;8;;
P00242942;8;;
P00086542;2;14.0;
P00055342;5;14.0;
P00270442;8;;
P00145342;4;9.0;
P0098942;8;;
P00262742;8;;
P00091442;8;14.0;
P00036642;8;;
P00280942;11;;
P00262942;5;14.0;
P00141142;5;;
P00167442;5;;
P00231042;8;;
P00171942;8;17.0;
P00278142;11;16.0;
P00054642;5;;
P00022242;5;;
P00311042;8;;
P00192342;2;4.0;
P00121842;5;;
P00369242;11;;
P00171142;8;;
P00130342;6;8.0;
P00330842;14;16.0;
P00068742;5;;
P00262642;8;;
P0093842;5;;
P00107842;8;;
P00087942;5;8.0;
P00151542;8;;
P00219642;8;14.0;
P00073242;5;8.0;
P00139242;8;;
P00364642;6;8.0;
P00027242;5;;
P00130542;8;;
P0097642;8;;
P00037642;8;;
P00028742;5;14.0;
P00162842;1;8.0;
P00273842;13;;
P00043042;7;;
P00214042;6;8.0;
P00137342;8;;
P00269142;5;17.0;
P00369542;11;;
P00149042;5;8.0;
P00018742;7;;
P00361742;5;;
P00227442;8;;
P00238242;15;;
P00262142;8;;
P00108142;11;;
P00159042;8;;
P00355542;16;;
P00369642;11;;
P00167342;8;16.0;
P00333942;8;;
P00204442;8;;
P00047342;5;;
P00349042;8;16.0;
P00106842;7;8.0;
P00027742;6;8.0;
P00236742;8;;
P00295142;2;;
P00234042;1;;
P00211342;8;;
P00069842;13;16.0;
P00148142;5;;
P00190642;8;9.0;
P00066042;8;;
P00187542;5;18.0;
P00066342;14;;
P00152342;8;;
P00355442;14;16.0;
P00257142;8;;
P00272442;8;;
P00250142;8;;
P00234342;2;;
P00333142;5;;
P00202642;8;;
P00090642;8;;
P00368742;11;15.0;
P00281342;11;;
P00366142;6;;
P00162142;7;;
P00039842;5;;
P00135942;7;;
P00172442;5;;
P00067442;8;;
P00293442;13;;
P00058742;16;;
P00060042;8;16.0;
P00239042;5;6.0;16.0
P00301942;5;;
P00081642;8;;
P00056042;8;;
P00272642;8;;
P00141342;8;;
P00324042;11;;
P00134742;5;14.0;
P00140942;8;;
P00167242;8;14.0;
P00223442;5;8.0;14.0
P00107342;10;;
P00318442;8;;
P00268642;1;8.0;
P00225242;5;8.0;
P00104142;8;;
P00143242;8;;
P00310742;8;;
P00360442;8;16.0;
P00229542;1;5.0;
P00109442;1;;
P00012942;5;8.0;
P00059342;8;;
P00312242;5;;
P00309042;12;;
P00272342;7;;
P00028942;8;;
P00366042;5;;
P00055042;8;;
P00152142;7;;
P00281242;18;;
P00202842;6;16.0;
P00243142;8;;
P00128642;8;;
P00247342;8;;
P00100342;14;17.0;
P00012342;8;;
P00009442;5;;
P00268142;8;;
P00203042;16;;
P00159642;14;;
P00231542;5;;
P00325442;15;;
P00013442;8;;
P00071042;10;;
P00291842;5;;
P00157442;1;2.0;15.0
P00363842;5;8.0;
P00172042;2;8.0;
P00020942;8;;
P00017342;5;;
P00360342;11;;
P00069742;8;;
P00140342;8;;
P00082942;8;;
P00025742;8;;
P00153542;6;;
P00142542;8;;
P00019742;8;14.0;
P00314542;8;;
P00338242;8;11.0;
P00083542;8;;
P00299342;8;;
P00133942;5;;
P00264442;8;16.0;
P00261042;11;;
P00311242;7;;
P00152042;14;;
P00292842;8;17.0;
P00231642;5;14.0;
P00364542;7;;
P00332542;8;;
P00067742;8;;
P00091242;8;;
P00199242;5;;
P00104242;8;;
P00318842;5;6.0;
P00068642;6;;
P00023542;4;8.0;
P00058542;5;;
P00154942;14;;
P00082042;8;;
P00357442;5;8.0;
P00069642;8;;
P00151642;7;;
P00243042;5;10.0;16.0
P00308042;10;11.0;
P00200542;16;;
P00336442;5;;
P00163642;8;;
P00106442;7;;
P00150242;1;16.0;
P00153942;6;16.0;
P00140142;8;;
P00005242;8;;
P00308842;5;;
P00126742;1;;
P00080242;8;;
P00079342;8;;
P00326342;5;8.0;
P00270742;5;8.0;
P00108742;5;;
P00106542;7;;
P00197642;5;8.0;
P00051342;8;;
P00290842;5;;
P00201842;7;;
P00247842;8;14.0;
P00216642;8;;
P00257342;8;;
P00209042;6;;
P00362142;5;;
P00126342;8;;
P00263342;8;;
P00302242;8;;
P00107942;8;16.0;
P00069442;8;;
P00263242;5;14.0;
P00278842;5;;
P00334542;8;;
P00032242;8;;
P00138942;8;;
P00169342;8;;
P00073542;5;8.0;
P00122142;7;;
P00106142;7;;
P00080442;7;;
P00104342;2;18.0;
P00132142;8;;
P00063242;13;;
P00204042;8;;
P00290642;10;;
P00164442;5;8.0;14.0
P00074542;7;;
P00357542;5;12.0;
P00170742;5;;
P00332742;1;11.0;
P00337042;7;;
P00285142;8;;
P00194742;8;14.0;
P00076942;1;13.0;16.0
P00363142;8;;
P00012742;8;14.0;
P00281442;11;;
P00105842;1;8.0;
P00143042;5;;
P00133042;5;11.0;
P00006642;8;;
P00026842;5;;
P00136042;8;;
P00362242;8;;
P00093142;8;;
P00162742;8;;
P00039342;8;;
P00038742;11;;
P00261942;1;8.0;
P00169242;5;8.0;
P00203842;16;;
P00075242;8;;
P00160742;5;16.0;
P00239442;5;14.0;
P00013542;1;8.0;
P00199542;8;14.0;
P00011642;8;;
P00167042;2;;
P00203242;5;12.0;
P00323142;5;;
P00242242;5;;
P00301342;18;;
P00301142;5;;
P00038042;8;14.0;17.0
P00341142;11;;
P00203642;8;;
P00364342;8;14.0;
P00051742;8;;
P00039142;7;;
P00224642;8;16.0;
P00016242;8;;
P00297142;8;;
P00290442;11;;
P00141642;2;4.0;
P00249242;8;;
P00325042;8;;
P00152842;8;;
P00238842;5;;
P00071942;7;;
P00070142;5;;
P00314842;8;17.0;
P00306342;8;;
P00210842;5;;
P00294742;5;8.0;
P00061242;8;14.0;
P00321242;1;8.0;16.0
P00314742;14;;
P00236242;8;;
P00175142;8;;
P00312042;11;;
P00091542;5;12.0;
P00080142;8;;
P00139642;14;;
P00329842;5;;
P00077342;8;;
P00305842;1;;
P00161642;7;;
P00144942;8;;
P00340742;8;;
P00369842;5;8.0;
P00092342;7;;
P00306942;11;;
P00364242;8;;
P00144142;8;;
P00169842;8;;
P00262842;14;17.0;
P00065542;8;;
P0097542;7;;
P00355842;8;14.0;
P00341042;11;;
P00287042;11;;
P00166442;6;8.0;
P00092042;8;;
P00060742;14;;
P00274742;8;;
P00299742;11;;
P00353742;15;;
P00188142;7;;
P00339142;5;;
P00106342;8;;
P00072042;8;;
P00205542;5;14.0;
P00156642;16;;
P00133142;1;;
P00168942;8;17.0;
P00027842;1;15.0;16.0
P00261742;2;8.0;
P00056342;5;;
P00206242;5;;
P00030242;5;;
P00291142;8;;
P00241842;8;;
P00143442;5;;
P00309642;5;;
P00206542;8;;
P00307042;8;;
P00185942;2;4.0;
P00335342;3;15.0;
P00073442;11;;
P00074742;8;;
P00315242;5;8.0;
P00081342;5;;
P00066842;16;;
P00022042;16;;
P00260742;5;;
P00025842;8;;
P00070842;8;;
P00206942;1;;
P00234942;5;;
P00317742;5;8.0;
P00272742;12;;
P00341642;8;;
P00348142;5;;
P00064542;8;;
P00365442;5;;
P00292142;7;;
P00063642;5;8.0;
P00062342;8;;
P00063442;5;;
P00325342;11;;
P00312542;8;;
P00008942;8;;
P00300742;5;;
P00330142;8;;
P0096242;4;8.0;
P00335642;5;;
P00341542;6;;
P00077242;14;;
P00063742;8;;
P00053242;8;;
P00068342;8;;
P00336242;5;18.0;
P00013842;8;;
P00065142;8;;
P00149742;5;8.0;
P00164242;8;;
P00091942;1;;
P00078342;5;;
P00083142;14;;
P00172242;7;;
P00353042;11;;
P00172642;8;;
P00038642;8;;
P00211742;1;6.0;
P00073342;8;;
P00299042;8;;
P00201242;8;;
P00062442;5;;
P00074842;8;;
P00132742;16;;
P00301442;7;;
P00298342;8;;
P00352042;11;;
P00075042;9;;
P00315142;10;;
P00365942;8;;
P00056642;16;;
P00104042;5;8.0;
P00208642;8;;
P00065942;8;;
P00329042;8;;
P00038842;7;;
P00295642;2;;
P00091742;13;;
