id_casa,LotFrontage,LotArea,Street,Condition1,Condition2,YearBuilt,ExterQual,FullBath,BedroomAbvGr,SalePrice,Color
707,48.0,6240,Pave,Norm,Norm,2006.0,Gd,2,,254000,
952,60.0,7200,Pave,Norm,Norm,1972.0,TA,1,2.0,133900,
503,100.0,15602,Pave,Norm,Norm,1959.0,TA,2,1.0,289000,
658,78.0,17503,Pave,Artery,Norm,1948.0,TA,1,3.0,97500,
770,,7252,Pave,Norm,Norm,1982.0,TA,1,2.0,134900,
258,80.0,12435,Pave,Norm,Norm,2001.0,Gd,2,3.0,231500,
323,49.0,5820,Pave,Norm,Norm,1955.0,TA,1,3.0,126175,
562,63.0,13907,Pave,Norm,Norm,1940.0,TA,1,3.0,108000,
782,67.0,16285,Pave,Norm,Norm,2001.0,Gd,2,3.0,187100,
1029,21.0,1680,Pave,Norm,Norm,1972.0,TA,1,,118000,
60,63.0,13072,Pave,RRAe,Norm,2004.0,TA,1,3.0,158000,
1317,47.0,4230,Pave,Norm,Norm,2006.0,Gd,2,2.0,208900,
954,35.0,9400,Pave,Norm,Norm,1975.0,TA,2,4.0,127500,
553,67.0,8777,Pave,Feedr,Norm,1949.0,TA,2,2.0,108000,
928,,11838,Pave,Norm,Norm,2001.0,Gd,2,3.0,236500,
1310,100.0,17500,,PosA,Norm,1959.0,Gd,2,3.0,335000,
384,,53107,Pave,Feedr,Norm,1992.0,Gd,2,3.0,240000,
693,60.0,5400,Pave,Norm,Norm,1921.0,TA,1,2.0,108480,
298,90.0,11700,Pave,Norm,Norm,1968.0,Gd,1,3.0,175000,
599,24.0,1950,Pave,Norm,Norm,,TA,2,3.0,151000,
516,,10448,Pave,Norm,Norm,1972.0,TA,2,3.0,158000,
757,,11616,,Norm,Norm,1978.0,TA,2,3.0,158900,
162,95.0,12182,Pave,Norm,Norm,2005.0,Gd,2,3.0,220000,
599,24.0,1950,Pave,Norm,Norm,,TA,2,3.0,151000,
1063,50.0,6000,Pave,Artery,Norm,1925.0,TA,1,2.0,110500,
1099,82.0,11880,Pave,RRAn,Norm,1978.0,TA,2,3.0,157000,
1200,71.0,9353,Pave,Norm,Norm,1970.0,TA,1,3.0,116050,
484,,7758,Pave,Norm,Norm,1962.0,TA,1,3.0,132500,
527,67.0,14948,Pave,Norm,Norm,2008.0,Ex,2,3.0,446261,
768,70.0,9100,Pave,Norm,Norm,2004.0,Gd,2,3.0,216837,
171,141.0,31770,Pave,Norm,Norm,1960.0,TA,1,3.0,215000,
488,60.0,10800,Pave,Norm,Norm,1900.0,TA,2,3.0,160000,
393,,7446,Pave,Feedr,Norm,1941.0,TA,1,2.0,100000,
588,65.0,25095,Pave,Norm,Norm,1968.0,TA,1,1.0,143000,
1020,60.0,7024,Pave,Norm,Norm,2005.0,TA,1,2.0,176000,
767,75.0,12508,Pave,Norm,Norm,1940.0,TA,2,4.0,160000,
13,91.0,10652,Pave,Norm,Norm,2006.0,Gd,2,3.0,279500,
1334,24.0,2368,Pave,Norm,Norm,1970.0,TA,1,3.0,125000,
249,,159000,Pave,Norm,Norm,1958.0,Gd,2,4.0,277000,
2,68.0,11250,Pave,Norm,Norm,2001.0,Gd,2,3.0,223500,
21,57.0,7449,Pave,Norm,Norm,1930.0,TA,1,3.0,139400,
1249,60.0,7200,Pave,Norm,Norm,1950.0,TA,1,3.0,119000,
1323,50.0,5330,Pave,Norm,Norm,1940.0,Fa,1,2.0,82500,
130,88.0,14200,Pave,Norm,Norm,1966.0,TA,2,4.0,226000,
1027,71.0,9520,Pave,Norm,Norm,2007.0,Gd,2,3.0,293077,
352,60.0,9084,Pave,Artery,Norm,1941.0,TA,1,3.0,95000,
1378,21.0,1953,Pave,Norm,Norm,1973.0,TA,1,2.0,83000,
399,65.0,8125,Pave,Norm,Norm,2006.0,Gd,2,2.0,241000,
1045,,13680,Pave,Norm,Norm,1955.0,TA,2,4.0,139600,
118,90.0,12376,Pave,Norm,Norm,1990.0,TA,3,5.0,320000,
1078,37.0,4435,Pave,Norm,Norm,2004.0,Gd,1,1.0,155900,
1414,64.0,13053,Pave,Norm,Norm,1923.0,TA,1,4.0,207000,
1423,,19690,Pave,Norm,Norm,1966.0,Gd,2,4.0,274970,
514,55.0,10594,Pave,Norm,Norm,1926.0,TA,1,2.0,96500,
1402,64.0,6762,Pave,Norm,Norm,2006.0,Gd,2,2.0,193879,
1305,108.0,13173,Pave,Norm,Norm,2006.0,Gd,2,2.0,325000,
118,90.0,12376,Pave,Norm,Norm,1990.0,TA,3,5.0,320000,
610,,11050,Pave,PosN,Norm,2000.0,Gd,2,3.0,313000,
1077,,15870,Pave,Norm,Norm,1969.0,TA,1,3.0,138800,
524,95.0,11787,Pave,Norm,Norm,1996.0,Gd,2,3.0,315750,
955,82.0,7136,Pave,Norm,Norm,1946.0,TA,2,4.0,145000,
540,85.0,14601,Pave,Norm,Norm,2006.0,Ex,2,2.0,315000,
606,82.0,12464,Pave,Norm,Norm,1996.0,TA,1,3.0,152000,
662,120.0,13560,Pave,Norm,Norm,1968.0,TA,1,2.0,110000,
1328,60.0,10440,Pave,Norm,Norm,1920.0,Gd,2,5.0,256000,
1057,,29959,Pave,Norm,Norm,1994.0,Gd,2,3.0,248000,
987,83.0,10159,Pave,Norm,Norm,2009.0,Ex,2,3.0,395192,
416,74.0,7844,Pave,Norm,Norm,1978.0,TA,1,3.0,149500,
193,24.0,2522,Pave,Norm,Norm,2004.0,Gd,2,3.0,130000,
1030,,7082,Pave,Norm,Norm,1916.0,TA,2,5.0,160000,
473,110.0,14977,Pave,Norm,Norm,2006.0,Gd,2,2.0,440000,
1374,85.0,10625,Pave,Norm,Norm,2005.0,Gd,2,3.0,250000,
45,61.0,7658,Pave,Norm,Norm,2005.0,Ex,2,2.0,319900,
1318,,14781,Pave,Norm,Norm,2001.0,Gd,2,3.0,275000,
1242,85.0,10625,Pave,Norm,Norm,1974.0,TA,2,,170000,
313,150.0,215245,Pave,Norm,Norm,1965.0,TA,2,3.0,375000,
855,,6897,Pave,Norm,Norm,1962.0,TA,1,3.0,127000,
19,70.0,7560,Pave,Norm,Norm,1958.0,TA,1,3.0,139000,
1375,89.0,10991,Pave,Norm,Norm,2007.0,Gd,2,3.0,239000,
567,70.0,10171,Pave,Norm,Norm,2004.0,Gd,2,3.0,214000,
1369,48.0,10635,,Norm,Norm,2003.0,Gd,2,3.0,232000,
483,32.0,4500,Pave,Norm,Norm,1998.0,TA,2,2.0,164000,
106,60.0,10800,Pave,Norm,Norm,1885.0,TA,1,2.0,100000,
1396,,57200,Pave,Norm,Norm,1948.0,TA,1,3.0,160000,
1369,48.0,10635,,Norm,Norm,2003.0,Gd,2,3.0,232000,
700,85.0,14331,Pave,Norm,Norm,2002.0,Gd,2,3.0,312500,
18,66.0,13695,Pave,RRAe,Norm,2004.0,TA,1,3.0,159000,
1370,90.0,5400,Pave,Artery,Norm,1920.0,Fa,1,2.0,105000,
882,,9636,Pave,Norm,Norm,1992.0,TA,2,3.0,178000,
1016,73.0,11883,Pave,Norm,Norm,1996.0,Gd,2,3.0,203000,
1263,60.0,13515,Pave,Norm,Norm,1919.0,TA,1,3.0,180500,
656,72.0,10007,Pave,Norm,Norm,1959.0,Gd,1,3.0,145500,
1307,60.0,8072,Pave,Norm,Norm,1994.0,TA,1,3.0,138000,
5,85.0,14115,Pave,Norm,Norm,1993.0,TA,1,1.0,143000,
1400,50.0,6000,Pave,Norm,Norm,1929.0,TA,1,3.0,120000,
783,,9101,Pave,Norm,Norm,1978.0,TA,1,1.0,165500,
789,,12205,Pave,Norm,Norm,1966.0,TA,2,5.0,187500,
399,65.0,8125,Pave,Norm,Norm,2006.0,Gd,2,2.0,241000,
270,84.0,10728,Pave,Norm,Norm,2006.0,Gd,2,3.0,266000,
200,80.0,8546,Pave,Norm,Norm,2003.0,TA,2,2.0,140000,
565,66.0,6858,Pave,Norm,Norm,1915.0,TA,1,4.0,128000,
663,90.0,10012,Pave,Norm,Norm,1972.0,TA,2,3.0,137500,
222,85.0,11475,Pave,RRAn,Norm,1975.0,TA,2,3.0,179900,
513,71.0,9187,Pave,Norm,Norm,1983.0,TA,1,3.0,134000,
1113,66.0,8923,Pave,Norm,Norm,1953.0,TA,1,2.0,134500,
467,79.0,9480,Pave,Artery,Norm,1942.0,TA,1,,146500,
117,74.0,8536,Pave,Norm,Norm,2006.0,TA,1,2.0,155000,
951,60.0,7800,Pave,Norm,Norm,1965.0,TA,1,3.0,119900,
636,51.0,6120,Pave,Norm,Norm,1936.0,Fa,1,1.0,60000,
1080,80.0,11040,Pave,Norm,Norm,1971.0,Gd,2,3.0,145000,
711,66.0,8712,Pave,Norm,Norm,,TA,1,2.0,102776,
1366,68.0,9179,Pave,Norm,Norm,1999.0,Gd,2,3.0,193000,
596,60.0,3600,Pave,Norm,Norm,1910.0,TA,1,3.0,114504,
106,60.0,10800,Pave,Norm,Norm,1885.0,TA,1,2.0,100000,
763,82.0,9430,Pave,Norm,Norm,1999.0,Gd,2,3.0,337000,
757,,11616,,Norm,Norm,1978.0,TA,2,3.0,158900,
522,50.0,5000,Pave,Feedr,Norm,1947.0,TA,2,3.0,159000,
473,110.0,14977,Pave,Norm,Norm,2006.0,Gd,2,2.0,440000,
1274,53.0,5362,Pave,Norm,Norm,1910.0,TA,2,3.0,139000,
392,,8339,Pave,Norm,Norm,1959.0,TA,1,3.0,106500,
574,70.0,10500,Pave,Norm,Norm,1971.0,TA,1,3.0,139000,
1120,59.0,8263,Pave,Norm,Norm,1920.0,TA,1,2.0,118400,
884,65.0,7150,Pave,Norm,Norm,1967.0,TA,1,3.0,100000,
1005,65.0,8385,Pave,Norm,Norm,1977.0,Gd,2,3.0,149900,
924,79.0,10240,Pave,Norm,Norm,1980.0,TA,2,3.0,207500,
112,77.0,9965,Pave,Norm,Norm,2007.0,Gd,2,4.0,383970,
538,,11553,Pave,Norm,Norm,1968.0,TA,1,3.0,158000,
545,,13837,Pave,Norm,Norm,1988.0,Gd,2,,229000,
1275,95.0,11345,Pave,Feedr,Norm,1948.0,TA,2,4.0,137000,
782,67.0,16285,Pave,Norm,Norm,2001.0,Gd,2,3.0,187100,
89,60.0,8070,Pave,Norm,Norm,1994.0,TA,1,3.0,123600,
827,65.0,8529,Pave,Norm,Norm,2001.0,Gd,2,3.0,189000,
1396,,57200,Pave,Norm,Norm,1948.0,TA,1,3.0,160000,
589,50.0,9100,Pave,RRAn,Feedr,1930.0,TA,1,2.0,79500,
1036,89.0,12898,Pave,Norm,Norm,2007.0,Gd,2,2.0,315500,
1308,100.0,12000,Pave,Norm,Norm,1948.0,TA,1,2.0,147000,
423,80.0,9200,Pave,Norm,Norm,1998.0,Gd,2,4.0,315000,
1296,80.0,8700,Pave,Norm,Norm,1963.0,TA,2,3.0,155000,
802,63.0,8199,,Norm,Norm,2005.0,Gd,2,3.0,189000,
1005,65.0,8385,Pave,Norm,Norm,1977.0,Gd,2,3.0,149900,
534,74.0,9056,Pave,Norm,Norm,2004.0,Gd,2,3.0,178000,
914,30.0,3000,Pave,Norm,Norm,2009.0,Gd,2,2.0,173733,
1158,92.0,11932,,Feedr,Norm,2007.0,Gd,2,3.0,235128,
73,85.0,10200,Pave,Norm,Norm,1954.0,TA,1,3.0,144900,
57,89.0,11645,Pave,Norm,Norm,2004.0,Gd,2,3.0,196500,
758,24.0,2280,Pave,Norm,Norm,1999.0,TA,2,3.0,179400,
819,44.0,6371,Pave,Norm,Norm,2009.0,Gd,2,2.0,224000,
115,34.0,3230,Pave,Norm,Norm,1999.0,TA,2,2.0,176000,
1280,67.0,9808,Pave,Norm,Norm,2002.0,Gd,2,3.0,227000,
186,,9947,Pave,Norm,Norm,1990.0,TA,2,3.0,173000,
40,84.0,8658,Pave,Norm,Norm,1965.0,TA,2,3.0,160000,
306,116.0,13474,Pave,Feedr,Norm,1990.0,Gd,2,4.0,225000,
856,,10970,Pave,Norm,Norm,1978.0,TA,1,3.0,147000,
115,34.0,3230,Pave,Norm,Norm,1999.0,TA,2,2.0,176000,
1008,43.0,12118,Pave,Norm,Norm,2004.0,Gd,2,3.0,240000,
574,70.0,10500,Pave,Norm,Norm,1971.0,TA,1,3.0,139000,
331,70.0,8176,Pave,Norm,Norm,1958.0,TA,1,3.0,139000,
21,57.0,7449,Pave,Norm,Norm,1930.0,TA,1,3.0,139400,
400,38.0,14963,Pave,Norm,Norm,1996.0,Gd,1,1.0,245500,
816,,11425,Pave,Norm,Norm,1954.0,TA,1,2.0,137000,
44,70.0,7945,Pave,Norm,Norm,1959.0,TA,1,3.0,141000,
15,51.0,6120,Pave,Norm,Norm,1929.0,TA,1,2.0,132000,
528,58.0,9098,Pave,Norm,Norm,1920.0,TA,1,2.0,86000,
1405,44.0,3842,Pave,Norm,Norm,2004.0,Gd,2,2.0,275000,
453,75.0,9000,Pave,Norm,Norm,2008.0,Gd,2,3.0,210000,
451,62.0,70761,Pave,Norm,Norm,1975.0,TA,2,2.0,280000,
733,80.0,10000,Pave,Feedr,Norm,1961.0,TA,1,3.0,131400,
1156,85.0,9350,Pave,Norm,Norm,1965.0,TA,2,3.0,179900,
245,80.0,10400,,Norm,Norm,1988.0,TA,2,3.0,241500,
677,52.0,9022,Pave,Norm,Norm,1924.0,Gd,1,2.0,109500,
1379,73.0,9735,Pave,Norm,Norm,2006.0,TA,2,3.0,167500,
1082,70.0,8749,Pave,Norm,Norm,2002.0,Gd,2,3.0,192000,
435,43.0,10667,Pave,PosN,Norm,1996.0,Gd,2,3.0,212000,
287,,8125,Pave,Norm,Norm,1971.0,TA,1,3.0,88000,
708,65.0,9018,,Norm,Norm,2007.0,Gd,2,3.0,179540,
897,64.0,7018,Pave,Feedr,Norm,1979.0,TA,2,6.0,142953,
918,103.0,13125,Pave,Norm,Norm,1991.0,Gd,2,4.0,238000,
869,80.0,9938,Pave,Norm,Norm,1993.0,Gd,2,3.0,236000,
976,51.0,5900,Pave,Norm,Norm,1923.0,TA,1,2.0,85500,
1277,,17871,Pave,Norm,Norm,1967.0,TA,1,3.0,197900,
172,44.0,5306,Pave,Norm,Norm,1987.0,Gd,2,2.0,239000,
70,95.0,13651,Pave,Norm,Norm,1973.0,TA,2,3.0,244000,
458,,5100,Pave,Norm,Norm,1925.0,TA,1,3.0,161000,
853,,12095,Pave,Norm,Norm,1964.0,TA,1,3.0,158000,
891,70.0,11184,Pave,Norm,Norm,1978.0,TA,2,3.0,172500,
807,144.0,21384,Pave,Norm,Norm,1923.0,TA,1,3.0,223500,
516,,10448,Pave,Norm,Norm,1972.0,TA,2,3.0,158000,
889,128.0,12160,Pave,Feedr,Norm,1953.0,TA,1,2.0,149500,
1015,70.0,8400,Pave,Norm,Norm,2001.0,Gd,2,3.0,227000,
62,44.0,6442,Pave,Norm,Norm,2006.0,Gd,2,2.0,202500,
472,35.0,3675,Pave,Norm,Norm,2005.0,TA,1,2.0,148000,
89,60.0,8070,Pave,Norm,Norm,1994.0,TA,1,3.0,123600,
842,82.0,9020,Pave,Norm,Norm,1966.0,TA,1,3.0,174900,
247,75.0,11310,Pave,Norm,Norm,1954.0,TA,1,2.0,140000,
722,70.0,8120,,Norm,Norm,1970.0,TA,1,3.0,124500,
558,57.0,21872,Pave,Norm,Norm,1996.0,TA,2,3.0,175000,
455,80.0,9600,Pave,Norm,Norm,1973.0,TA,1,3.0,175500,
566,77.0,11198,Pave,Norm,Norm,2005.0,Gd,2,4.0,325000,
158,100.0,12552,Pave,Norm,Norm,2004.0,Gd,2,3.0,254900,
457,,53227,Pave,Norm,Norm,1954.0,TA,1,2.0,256000,
1020,60.0,7024,Pave,Norm,Norm,2005.0,TA,1,2.0,176000,
1356,,9477,Pave,Norm,Norm,1966.0,TA,1,3.0,110000,
646,60.0,7200,Pave,Norm,Norm,1950.0,TA,1,3.0,98300,
794,,10832,Pave,Norm,Norm,1994.0,Gd,2,3.0,194500,
831,30.0,3180,Pave,Norm,Norm,2005.0,TA,2,2.0,151000,
738,60.0,10800,Pave,Norm,Norm,1987.0,TA,3,3.0,179000,
311,50.0,8000,Pave,Norm,Norm,1948.0,TA,1,2.0,132000,
712,40.0,4671,Pave,Norm,Norm,1988.0,Gd,2,2.0,189000,
610,,11050,Pave,PosN,Norm,2000.0,Gd,2,3.0,313000,
422,100.0,21750,Pave,Artery,Norm,1954.0,TA,1,2.0,113000,
729,52.0,6240,Pave,Norm,Norm,1925.0,TA,1,2.0,103000,
688,60.0,8089,Pave,Norm,Norm,2007.0,Gd,2,2.0,392000,
905,80.0,9920,Pave,Norm,Norm,1954.0,TA,1,3.0,128000,
952,60.0,7200,Pave,Norm,Norm,1972.0,TA,1,2.0,133900,
1245,78.0,12090,Pave,Norm,Norm,1984.0,TA,3,3.0,178000,
1326,70.0,4270,Pave,Norm,Norm,1931.0,TA,1,3.0,79000,
905,80.0,9920,Pave,Norm,Norm,1954.0,TA,1,3.0,128000,
548,49.0,8235,Pave,Feedr,RRNn,1955.0,TA,1,2.0,125000,
1089,37.0,3316,Pave,Norm,Norm,2005.0,Gd,1,1.0,197000,
248,72.0,11317,Pave,Norm,Norm,2003.0,Gd,2,3.0,180000,
472,35.0,3675,Pave,Norm,Norm,2005.0,TA,1,2.0,148000,
465,,3072,Pave,Norm,Norm,2004.0,Gd,2,2.0,178740,
330,,10624,,Norm,Norm,1964.0,TA,2,6.0,119000,
746,,8795,Pave,Norm,Norm,2000.0,Gd,2,4.0,236000,
1378,21.0,1953,Pave,Norm,Norm,1973.0,TA,1,2.0,83000,
924,79.0,10240,Pave,Norm,Norm,1980.0,TA,2,3.0,207500,
644,85.0,9187,Pave,Norm,Norm,2009.0,Ex,2,2.0,370878,
1162,109.0,8724,Pave,Norm,Norm,1968.0,TA,1,3.0,129000,
687,,5105,Pave,Norm,Norm,2004.0,Gd,2,,148800,
17,72.0,10791,,Norm,Norm,1967.0,TA,2,2.0,90000,
1089,37.0,3316,Pave,Norm,Norm,2005.0,Gd,1,1.0,197000,
52,110.0,8472,Grvl,RRNn,Norm,1963.0,Fa,1,2.0,110000,
777,100.0,13350,Pave,Norm,Norm,1974.0,TA,1,3.0,142500,
141,78.0,11645,Pave,Norm,Norm,2005.0,Gd,2,3.0,260000,
737,72.0,10463,Pave,Norm,Norm,2005.0,Gd,2,3.0,239900,
1434,80.0,17400,,Norm,Norm,,TA,2,3.0,160000,
1134,57.0,8773,Pave,Norm,Norm,1997.0,TA,2,3.0,169000,
827,65.0,8529,Pave,Norm,Norm,2001.0,Gd,2,3.0,189000,
131,,12224,Pave,Norm,Norm,2000.0,Gd,2,3.0,244000,
522,50.0,5000,Pave,Feedr,Norm,1947.0,TA,2,3.0,159000,
156,60.0,7200,Pave,Norm,Norm,1950.0,TA,1,2.0,109500,
335,,164660,Grvl,Norm,Norm,1965.0,TA,2,3.0,228950,
508,60.0,9600,Pave,Norm,Norm,1928.0,TA,2,3.0,161000,
693,60.0,5400,Pave,Norm,Norm,1921.0,TA,1,2.0,108480,
423,80.0,9200,Pave,Norm,Norm,1998.0,Gd,2,4.0,315000,
130,88.0,14200,Pave,Norm,Norm,1966.0,TA,2,4.0,226000,
373,79.0,10634,Pave,Norm,Norm,1953.0,TA,1,3.0,123000,
641,,7050,Pave,Norm,Norm,2001.0,Gd,2,3.0,226000,
1086,,1974,Pave,Norm,Norm,1973.0,TA,1,3.0,83500,
1369,48.0,10635,,Norm,Norm,2003.0,Gd,2,3.0,232000,
663,90.0,10012,Pave,Norm,Norm,1972.0,TA,2,3.0,137500,
159,134.0,19378,Pave,Norm,Norm,2005.0,Gd,2,4.0,320000,
854,102.0,17920,Pave,Norm,Norm,1955.0,TA,1,3.0,170000,
954,35.0,9400,Pave,Norm,Norm,1975.0,TA,2,4.0,127500,
739,65.0,9313,Pave,Norm,Norm,2004.0,Gd,2,3.0,190000,
980,,12122,Pave,Norm,Norm,1961.0,Ex,1,3.0,178400,
8,51.0,6120,Pave,Artery,Norm,1931.0,TA,2,2.0,129900,
1440,79.0,11526,,Norm,Norm,1922.0,TA,2,3.0,191000,
1226,86.0,14598,Pave,Feedr,Norm,2007.0,Gd,2,4.0,214000,
236,65.0,8773,Pave,Norm,Norm,2004.0,Gd,2,3.0,185500,
1131,63.0,10712,Pave,Norm,Norm,1991.0,TA,1,3.0,93500,
486,79.0,10289,Pave,Norm,Norm,1965.0,TA,1,3.0,156000,
1219,21.0,1680,,Norm,Norm,1971.0,TA,1,3.0,91500,
877,74.0,8834,Pave,Norm,Norm,2004.0,Gd,2,4.0,350000,
711,66.0,8712,Pave,Norm,Norm,,TA,1,2.0,102776,
210,67.0,5604,Pave,Norm,Norm,1925.0,TA,1,2.0,98000,
441,92.0,12108,Pave,Norm,Norm,1955.0,TA,2,4.0,118000,
635,60.0,10896,Pave,Feedr,Norm,1914.0,Fa,2,8.0,200000,
687,,5105,Pave,Norm,Norm,2004.0,Gd,2,,148800,
10,70.0,11200,,Norm,Norm,1965.0,TA,1,3.0,129500,
42,,9180,Pave,Norm,Norm,1983.0,TA,1,2.0,144000,
1427,60.0,10930,Pave,Artery,Norm,1945.0,TA,1,3.0,140000,
1165,79.0,9541,Pave,Norm,Norm,2009.0,Gd,2,3.0,233170,
1260,,24682,Pave,RRAn,Norm,1999.0,TA,2,3.0,181000,
379,60.0,8123,Pave,RRAn,Norm,2000.0,TA,2,3.0,179000,
316,94.0,13005,Pave,Norm,Norm,1980.0,Gd,2,4.0,260000,
867,85.0,6970,Pave,Feedr,Norm,1961.0,TA,1,3.0,129000,
158,100.0,12552,Pave,Norm,Norm,2004.0,Gd,2,3.0,254900,
1364,30.0,3180,Pave,Norm,Norm,2005.0,Gd,2,2.0,144152,
1311,68.0,8814,Pave,Norm,Norm,2005.0,Gd,2,3.0,203000,
1344,85.0,11103,Pave,Norm,Norm,2006.0,Gd,2,3.0,155835,
272,92.0,11764,Pave,Norm,Norm,1999.0,Gd,2,4.0,290000,
1047,57.0,9245,Pave,Norm,Norm,1994.0,TA,1,3.0,145000,
1264,34.0,4060,Pave,Norm,Norm,1998.0,Gd,2,2.0,181000,
1249,60.0,7200,Pave,Norm,Norm,1950.0,TA,1,3.0,119000,
96,78.0,10264,Pave,Norm,Norm,1999.0,Gd,2,3.0,214000,
854,102.0,17920,Pave,Norm,Norm,1955.0,TA,1,3.0,170000,
678,80.0,11844,Pave,Norm,Norm,2008.0,Gd,2,3.0,372500,
491,79.0,9490,Pave,Artery,Norm,1941.0,TA,1,3.0,133000,
1152,90.0,14115,Pave,Norm,Norm,1956.0,TA,1,2.0,230000,
1367,41.0,2665,Pave,Norm,Norm,1977.0,TA,2,4.0,127000,
711,66.0,8712,Pave,Norm,Norm,,TA,1,2.0,102776,
365,59.0,10690,Pave,Norm,Norm,1920.0,TA,1,3.0,147000,
1409,46.0,20544,Pave,Norm,Norm,1986.0,TA,2,3.0,215000,
895,71.0,7056,Pave,Norm,Norm,1963.0,TA,1,4.0,140000,
31,,8544,Pave,Norm,Norm,1966.0,TA,1,3.0,149350,
1004,43.0,3182,Pave,Norm,Norm,2005.0,Gd,2,1.0,181000,
335,,164660,Grvl,Norm,Norm,1965.0,TA,2,3.0,228950,
114,61.0,7259,Pave,Norm,Norm,1945.0,TA,2,3.0,259500,
1015,70.0,8400,Pave,Norm,Norm,2001.0,Gd,2,3.0,227000,
409,85.0,10800,Pave,Norm,Norm,2007.0,Gd,2,3.0,339750,
1222,78.0,10496,Pave,Artery,Norm,1949.0,TA,2,3.0,143000,
1438,90.0,7407,Pave,Artery,Norm,1957.0,TA,1,2.0,149700,
209,75.0,8250,Pave,Norm,Norm,1964.0,TA,1,3.0,145000,
1433,93.0,10261,Pave,Norm,Norm,2000.0,TA,2,3.0,186500,
966,130.0,9600,Pave,Norm,Norm,1940.0,Gd,1,2.0,160000,
6,75.0,10084,Pave,Norm,Norm,2004.0,Gd,2,3.0,307000,
620,45.0,8248,Pave,Norm,Norm,1914.0,TA,1,2.0,67000,
58,66.0,13682,Pave,Norm,Norm,2006.0,Ex,3,3.0,438780,
1115,93.0,12085,Pave,Norm,Norm,2007.0,Gd,2,3.0,318000,
934,313.0,27650,Pave,PosA,Norm,1960.0,TA,2,4.0,242000,
1453,90.0,17217,Pave,Norm,Norm,2006.0,TA,1,3.0,84500,
616,,7861,Pave,Norm,Norm,2002.0,Gd,2,3.0,183200,
835,60.0,9600,Pave,Norm,Norm,1950.0,TA,2,2.0,128000,
18,66.0,13695,Pave,RRAe,Norm,2004.0,TA,1,3.0,159000,
291,55.0,5687,Pave,Norm,Norm,1912.0,TA,2,6.0,135900,
1241,83.0,9849,Pave,Norm,Norm,2007.0,Gd,2,3.0,248328,
717,80.0,10000,Pave,Norm,Norm,1973.0,TA,1,3.0,157000,
143,78.0,10335,Pave,Norm,Norm,1999.0,Gd,2,3.0,204000,
963,122.0,11923,Pave,Norm,Norm,2007.0,Gd,2,2.0,239000,
619,85.0,12244,Pave,Norm,Norm,2003.0,Gd,2,4.0,305000,
634,64.0,6979,,Norm,Norm,1980.0,TA,-1,0.0,144000,
793,76.0,9158,Pave,Norm,Norm,2007.0,Gd,2,3.0,225000,
713,60.0,9873,Pave,RRAn,Norm,1970.0,TA,1,3.0,129000,
1414,64.0,13053,Pave,Norm,Norm,1923.0,TA,1,4.0,207000,
521,90.0,11988,Pave,Feedr,Norm,1957.0,TA,1,3.0,150000,
672,,11250,Pave,Norm,Norm,1977.0,Gd,1,3.0,165000,
1191,24.0,2645,,Norm,Norm,1999.0,Gd,2,2.0,174000,
11,85.0,11924,Pave,Norm,Norm,2005.0,Ex,3,4.0,345000,
415,73.0,8899,Pave,Norm,Norm,2007.0,Gd,2,3.0,181134,
49,66.0,7742,Pave,Norm,Norm,1966.0,TA,1,3.0,127000,
864,72.0,8640,Pave,Norm,Norm,2007.0,Gd,2,3.0,250580,
472,35.0,3675,Pave,Norm,Norm,2005.0,TA,1,2.0,148000,
947,85.0,14536,Pave,Norm,Norm,2002.0,Gd,2,3.0,270000,
1301,,7500,Pave,Norm,Norm,1942.0,TA,1,3.0,177500,
1309,,7153,Pave,Norm,Norm,1991.0,TA,2,3.0,179200,
946,70.0,8163,Pave,Norm,Norm,1959.0,TA,1,3.0,143000,
110,75.0,9525,Pave,Norm,Norm,1954.0,TA,2,4.0,136900,
1367,41.0,2665,Pave,Norm,Norm,1977.0,TA,2,4.0,127000,
16,,11241,Pave,Norm,Norm,1970.0,TA,1,2.0,149000,
820,72.0,7226,Pave,Norm,Norm,2003.0,Gd,2,3.0,183000,
1300,,10762,Pave,Norm,Norm,1999.0,Gd,2,3.0,225000,
1216,68.0,8930,Pave,RRAe,Norm,1978.0,TA,2,4.0,112000,
1067,80.0,9760,Pave,Norm,Norm,1964.0,TA,1,4.0,167900,
1273,124.0,11512,Pave,Norm,Norm,1959.0,TA,1,2.0,177000,
645,,10530,Pave,Norm,Norm,1971.0,TA,1,3.0,143250,
273,80.0,9600,Pave,Feedr,Norm,1958.0,TA,2,3.0,139000,
895,71.0,7056,Pave,Norm,Norm,1963.0,TA,1,4.0,140000,
1274,53.0,5362,Pave,Norm,Norm,1910.0,TA,2,3.0,139000,
399,65.0,8125,Pave,Norm,Norm,2006.0,Gd,2,2.0,241000,
1131,63.0,10712,Pave,Norm,Norm,1991.0,TA,1,3.0,93500,
112,77.0,9965,Pave,Norm,Norm,2007.0,Gd,2,4.0,383970,
355,105.0,11249,Pave,Norm,Norm,1995.0,Gd,2,3.0,177500,
460,75.0,8004,Pave,RRAn,Norm,2009.0,Gd,2,3.0,263435,
677,52.0,9022,Pave,Norm,Norm,1924.0,Gd,1,2.0,109500,
189,41.0,4923,Pave,Norm,Norm,2001.0,Gd,1,0.0,286000,
885,50.0,5119,Pave,Norm,Norm,1999.0,Gd,2,2.0,328900,
420,78.0,7060,Pave,Norm,Norm,1997.0,TA,2,2.0,206300,
311,50.0,8000,Pave,Norm,Norm,1948.0,TA,1,2.0,132000,
1000,74.0,10206,Pave,Norm,Norm,1952.0,TA,1,2.0,82000,
1042,34.0,5381,Pave,Norm,Norm,2005.0,Gd,2,1.0,196000,
1324,75.0,9986,Pave,Norm,Norm,2006.0,Gd,2,2.0,147000,
1030,,7082,Pave,Norm,Norm,1916.0,TA,2,5.0,160000,
11,85.0,11924,Pave,Norm,Norm,2005.0,Ex,3,4.0,345000,
1321,,6627,Pave,Feedr,Norm,1949.0,TA,1,2.0,72500,
1057,,29959,Pave,Norm,Norm,1994.0,Gd,2,3.0,248000,
176,97.0,10029,Pave,Norm,Norm,1988.0,Gd,2,4.0,211000,
255,66.0,8738,Pave,Norm,Norm,1999.0,Gd,2,4.0,230000,
505,60.0,7596,,Artery,Norm,1952.0,TA,2,4.0,124500,
411,100.0,34650,Pave,Norm,Norm,1955.0,TA,1,3.0,145000,
282,34.0,5063,Pave,Norm,Norm,2007.0,Gd,2,2.0,207500,
1085,73.0,9069,Pave,Norm,Norm,1992.0,TA,1,2.0,147000,
201,75.0,10125,,Norm,Norm,1977.0,TA,2,3.0,171500,
1103,79.0,8910,Pave,Norm,Norm,1959.0,TA,1,3.0,159500,
527,67.0,14948,Pave,Norm,Norm,2008.0,Ex,2,3.0,446261,
245,80.0,10400,,Norm,Norm,1988.0,TA,2,3.0,241500,
1173,138.0,18030,Pave,Norm,Norm,1946.0,TA,3,3.0,200500,
967,,7390,Pave,Norm,Norm,1955.0,TA,1,3.0,135000,
88,105.0,8470,Pave,Feedr,Feedr,1915.0,Fa,1,2.0,85000,
368,78.0,7800,Pave,Norm,Norm,1954.0,TA,1,2.0,132000,
420,78.0,7060,Pave,Norm,Norm,1997.0,TA,2,2.0,206300,
1234,55.0,8525,Pave,Norm,Norm,1911.0,TA,1,4.0,130000,
1307,60.0,8072,Pave,Norm,Norm,1994.0,TA,1,3.0,138000,
102,64.0,7018,Pave,Norm,Norm,1979.0,TA,2,4.0,118964,
716,60.0,10800,Pave,Norm,Norm,1890.0,TA,1,3.0,159500,
206,40.0,13673,Pave,RRAe,Norm,1962.0,TA,1,3.0,143900,
747,65.0,11700,Pave,Norm,Norm,1880.0,Gd,1,4.0,265979,
240,75.0,9000,Pave,Norm,Norm,2008.0,Gd,2,3.0,262500,
332,85.0,10655,Pave,Norm,Norm,2003.0,Gd,2,3.0,284000,
842,82.0,9020,Pave,Norm,Norm,1966.0,TA,1,3.0,174900,
502,70.0,9170,Pave,Feedr,Norm,1965.0,TA,1,2.0,140000,
549,75.0,9375,Pave,Norm,Norm,2003.0,Gd,2,4.0,263000,
1359,129.0,16737,Pave,Norm,Norm,2004.0,Gd,2,3.0,315000,
859,,11029,Pave,PosA,Norm,1968.0,TA,2,4.0,250000,
958,65.0,8450,Pave,Norm,Norm,2003.0,Gd,2,3.0,185000,
1372,75.0,9750,Pave,Norm,Norm,1998.0,TA,2,3.0,274300,
1053,68.0,8562,Pave,Norm,Norm,1957.0,TA,1,4.0,144500,
713,60.0,9873,Pave,RRAn,Norm,1970.0,TA,1,3.0,129000,
964,80.0,11316,Pave,Norm,Norm,2002.0,Gd,2,4.0,214900,
52,110.0,8472,Grvl,RRNn,Norm,1963.0,Fa,1,2.0,110000,
134,78.0,10335,Pave,Norm,Norm,1968.0,TA,2,3.0,180000,
338,91.0,14145,Pave,Norm,Norm,1984.0,Gd,2,3.0,202500,
60,63.0,13072,Pave,RRAe,Norm,2004.0,TA,1,3.0,158000,
1187,89.0,12461,Pave,Norm,Norm,1994.0,Gd,2,2.0,262000,
54,60.0,7134,Pave,Norm,Norm,1955.0,TA,1,3.0,130000,
1092,60.0,8400,Pave,Norm,Norm,1925.0,TA,2,4.0,136500,
965,65.0,10237,Pave,RRAn,Norm,2005.0,Gd,2,3.0,178900,
1402,64.0,6762,Pave,Norm,Norm,2006.0,Gd,2,2.0,193879,
1245,78.0,12090,Pave,Norm,Norm,1984.0,TA,3,3.0,178000,
241,40.0,3880,Pave,Norm,Norm,1945.0,TA,1,2.0,110500,
352,60.0,9084,Pave,Artery,Norm,1941.0,TA,1,3.0,95000,
330,,10624,,Norm,Norm,1964.0,TA,2,6.0,119000,
979,80.0,8816,Pave,Feedr,Norm,1963.0,TA,1,3.0,139000,
392,,8339,Pave,Norm,Norm,1959.0,TA,1,3.0,106500,
1056,43.0,7052,,Norm,Norm,2005.0,Gd,2,2.0,185850,
485,80.0,9600,Pave,Norm,Norm,1950.0,Gd,1,3.0,147000,
840,,12155,Pave,Norm,Norm,1925.0,TA,2,4.0,140000,
1373,,11400,Pave,Norm,Norm,2001.0,Ex,2,2.0,466500,
273,80.0,9600,Pave,Feedr,Norm,1958.0,TA,2,3.0,139000,
246,69.0,9142,Pave,Norm,Norm,1910.0,TA,2,4.0,137000,
1196,58.0,14054,Pave,Norm,Norm,2006.0,Gd,2,,219210,
159,134.0,19378,Pave,Norm,Norm,2005.0,Gd,2,4.0,320000,
594,88.0,7990,Pave,Norm,Norm,1975.0,TA,1,3.0,110000,
689,61.0,7577,Pave,Norm,Norm,2005.0,Gd,2,2.0,194700,
160,,11120,Pave,Norm,Norm,1984.0,TA,2,3.0,162500,
313,150.0,215245,Pave,Norm,Norm,1965.0,TA,2,3.0,375000,
950,60.0,7200,Pave,Norm,Norm,1950.0,TA,1,3.0,129000,
1144,60.0,12180,Pave,Norm,Norm,1941.0,TA,1,2.0,80000,
232,21.0,1680,Pave,Norm,Norm,1972.0,TA,1,2.0,94500,
1216,68.0,8930,Pave,RRAe,Norm,1978.0,TA,2,4.0,112000,
738,60.0,10800,Pave,Norm,Norm,1987.0,TA,3,3.0,179000,
1318,,14781,Pave,Norm,Norm,2001.0,Gd,2,3.0,275000,
481,72.0,11846,Pave,Norm,Norm,2003.0,Gd,2,2.0,374000,
980,,12122,Pave,Norm,Norm,1961.0,Ex,1,3.0,178400,
950,60.0,7200,Pave,Norm,Norm,1950.0,TA,1,3.0,129000,
134,78.0,10335,Pave,Norm,Norm,1968.0,TA,2,3.0,180000,
790,43.0,3182,Pave,Norm,Norm,2005.0,Gd,2,2.0,160200,
987,83.0,10159,Pave,Norm,Norm,2009.0,Ex,2,3.0,395192,
344,36.0,2592,Pave,Norm,Norm,1976.0,TA,1,3.0,85000,
996,,10659,Pave,Norm,Norm,1961.0,TA,1,3.0,136500,
1238,63.0,13072,Pave,RRAe,Norm,2005.0,Gd,1,3.0,142500,
438,40.0,4280,Pave,Norm,Norm,1913.0,TA,1,2.0,90350,
1080,80.0,11040,Pave,Norm,Norm,1971.0,Gd,2,3.0,145000,
379,60.0,8123,Pave,RRAn,Norm,2000.0,TA,2,3.0,179000,
928,,11838,Pave,Norm,Norm,2001.0,Gd,2,3.0,236500,
458,,5100,Pave,Norm,Norm,1925.0,TA,1,3.0,161000,
846,75.0,9317,Pave,Norm,Norm,1993.0,Gd,2,3.0,213000,
1292,60.0,6600,Pave,Norm,Norm,1892.0,TA,2,4.0,107500,
966,130.0,9600,Pave,Norm,Norm,1940.0,Gd,1,2.0,160000,
972,55.0,7892,Pave,Norm,Norm,1979.0,TA,2,2.0,99500,
1171,76.0,9120,Pave,Norm,Norm,1958.0,TA,1,3.0,163000,
470,,6820,Pave,Norm,Norm,1985.0,Gd,1,1.0,212000,
1154,,13700,Pave,Norm,Norm,1965.0,TA,1,4.0,201800,
788,50.0,6000,Pave,Norm,Norm,1954.0,TA,1,2.0,107900,
587,74.0,8740,Pave,Norm,Norm,1982.0,TA,1,2.0,137000,
1210,70.0,11218,Pave,Norm,Norm,1992.0,Gd,2,3.0,189000,
968,50.0,5925,Pave,Norm,Norm,1910.0,TA,1,2.0,37900,
995,51.0,4712,Pave,Feedr,Norm,1946.0,TA,1,3.0,121600,
1352,50.0,6000,Pave,Norm,Norm,1937.0,Gd,1,2.0,134900,
1404,60.0,10410,Pave,Artery,Norm,1915.0,TA,1,3.0,105000,
438,40.0,4280,Pave,Norm,Norm,1913.0,TA,1,2.0,90350,
1270,,23595,Pave,Norm,Norm,1979.0,Gd,-1,0.0,260000,
578,34.0,3604,Pave,Norm,Norm,2007.0,Gd,2,2.0,146000,
97,73.0,10921,Pave,Norm,Norm,1965.0,TA,1,3.0,94750,
1140,60.0,7350,Pave,Norm,Norm,1951.0,TA,1,2.0,139000,
1417,,16545,Pave,Norm,Norm,1998.0,Gd,2,3.0,340000,
18,66.0,13695,Pave,RRAe,Norm,2004.0,TA,1,3.0,159000,
1274,53.0,5362,Pave,Norm,Norm,1910.0,TA,2,3.0,139000,
433,100.0,10839,Pave,Norm,Norm,1997.0,TA,2,3.0,181000,
1048,100.0,21750,Pave,Norm,Norm,1960.0,TA,1,3.0,115000,
1328,60.0,10440,Pave,Norm,Norm,1920.0,Gd,2,5.0,256000,
1347,93.0,15306,Pave,Norm,Norm,2006.0,Gd,2,3.0,283463,
92,80.0,13360,Pave,Norm,Norm,1921.0,TA,1,2.0,163500,
1186,107.0,10615,Pave,Artery,Artery,1900.0,TA,2,3.0,95000,
1103,79.0,8910,Pave,Norm,Norm,1959.0,TA,1,3.0,159500,
492,105.0,15578,Pave,Norm,Norm,2006.0,Gd,2,3.0,172785,
6,75.0,10084,Pave,Norm,Norm,2004.0,Gd,2,3.0,307000,
154,84.0,11340,Pave,Norm,Norm,1923.0,TA,1,4.0,125000,
274,76.0,8314,Pave,Norm,Norm,1982.0,TA,1,2.0,124500,
952,60.0,7200,Pave,Norm,Norm,1972.0,TA,1,2.0,133900,
1218,52.0,6240,Pave,Norm,Norm,1947.0,TA,1,2.0,80500,
832,44.0,9548,Pave,Norm,Norm,2003.0,Gd,2,3.0,237000,
721,,4426,Pave,Norm,Norm,2004.0,Gd,1,1.0,143000,
770,,7252,Pave,Norm,Norm,1982.0,TA,1,2.0,134900,
363,21.0,1680,Pave,Norm,Norm,1972.0,TA,1,2.0,118000,
1296,80.0,8700,Pave,Norm,Norm,1963.0,TA,2,3.0,155000,
137,82.0,11070,Pave,Norm,Norm,1988.0,TA,3,5.0,171000,
249,,159000,Pave,Norm,Norm,1958.0,Gd,2,4.0,277000,
920,70.0,8462,Pave,Norm,Norm,1994.0,Gd,2,3.0,201000,
722,70.0,8120,,Norm,Norm,1970.0,TA,1,3.0,124500,
850,36.0,4435,Pave,Norm,Norm,2003.0,Gd,1,1.0,131500,
467,79.0,9480,Pave,Artery,Norm,1942.0,TA,1,,146500,
1134,57.0,8773,Pave,Norm,Norm,1997.0,TA,2,3.0,169000,
1336,87.0,9246,Pave,Feedr,Norm,1973.0,TA,2,4.0,135000,
764,30.0,9549,Pave,Norm,Norm,1995.0,Gd,1,2.0,270000,
209,75.0,8250,Pave,Norm,Norm,1964.0,TA,1,3.0,145000,
485,80.0,9600,Pave,Norm,Norm,1950.0,Gd,1,3.0,147000,
1224,60.0,15384,Pave,RRAn,Norm,2004.0,Gd,2,3.0,184000,
1051,103.0,11175,Pave,Norm,Norm,2007.0,Gd,2,3.0,200141,
408,109.0,14154,Pave,Norm,Norm,2006.0,Gd,2,3.0,280000,
821,60.0,6000,Pave,Norm,Norm,1953.0,Fa,1,2.0,93000,
1057,,29959,Pave,Norm,Norm,1994.0,Gd,2,3.0,248000,
702,82.0,12438,Pave,Norm,Norm,2006.0,Ex,2,4.0,361919,
810,78.0,10140,Pave,Norm,Norm,1974.0,TA,1,3.0,181000,
756,68.0,10769,Pave,Norm,Norm,2007.0,Gd,2,3.0,212000,
156,60.0,7200,Pave,Norm,Norm,1950.0,TA,1,2.0,109500,
173,80.0,10197,Pave,Norm,Norm,1961.0,TA,1,3.0,163000,
286,77.0,9786,Pave,Norm,Norm,1962.0,TA,1,3.0,159000,
176,97.0,10029,Pave,Norm,Norm,1988.0,Gd,2,4.0,211000,
1406,70.0,8445,,Norm,Norm,1972.0,TA,1,2.0,133000,
1301,,7500,Pave,Norm,Norm,1942.0,TA,1,3.0,177500,
447,,11214,Pave,Norm,Norm,1998.0,Gd,2,4.0,199900,
772,94.0,7819,Pave,Norm,Norm,1976.0,TA,1,3.0,107000,
801,40.0,4800,Pave,Norm,Norm,1916.0,TA,1,2.0,109900,
767,75.0,12508,Pave,Norm,Norm,1940.0,TA,2,4.0,160000,
1146,,11200,Pave,Norm,Norm,1985.0,Gd,2,3.0,180000,
131,,12224,Pave,Norm,Norm,2000.0,Gd,2,3.0,244000,
400,38.0,14963,Pave,Norm,Norm,1996.0,Gd,1,1.0,245500,
1277,,17871,Pave,Norm,Norm,1967.0,TA,1,3.0,197900,
1430,60.0,21930,Pave,RRAn,Norm,2005.0,Gd,2,4.0,192140,
1238,63.0,13072,Pave,RRAe,Norm,2005.0,Gd,1,3.0,142500,
294,80.0,9600,Pave,Norm,Norm,1953.0,TA,1,3.0,167000,
578,34.0,3604,Pave,Norm,Norm,2007.0,Gd,2,2.0,146000,
239,52.0,8741,Pave,Norm,Norm,1945.0,TA,1,3.0,113000,
830,80.0,11900,Pave,Norm,Norm,1957.0,TA,1,3.0,166000,
1138,,9819,Pave,Norm,Norm,1977.0,TA,2,2.0,196000,
869,80.0,9938,Pave,Norm,Norm,1993.0,Gd,2,3.0,236000,
1067,80.0,9760,Pave,Norm,Norm,1964.0,TA,1,4.0,167900,
1250,93.0,11160,Pave,Norm,Norm,1968.0,Gd,2,3.0,244000,
991,121.0,17671,Pave,Artery,Norm,1882.0,Gd,1,4.0,168000,
958,65.0,8450,Pave,Norm,Norm,2003.0,Gd,2,3.0,185000,
1307,60.0,8072,Pave,Norm,Norm,1994.0,TA,1,3.0,138000,
638,67.0,8777,Pave,Feedr,Norm,1910.0,TA,1,2.0,85000,
672,,11250,Pave,Norm,Norm,1977.0,Gd,1,3.0,165000,
250,55.0,5350,Pave,Norm,Norm,1940.0,TA,1,3.0,76500,
1063,50.0,6000,Pave,Artery,Norm,1925.0,TA,1,2.0,110500,
319,,14115,Pave,Norm,Norm,1980.0,TA,2,3.0,187500,
1411,80.0,9600,Pave,Norm,Norm,1950.0,TA,1,3.0,140000,
282,34.0,5063,Pave,Norm,Norm,2007.0,Gd,2,2.0,207500,
284,50.0,8012,Pave,Norm,Norm,1992.0,Gd,2,2.0,179200,
1038,21.0,1533,Pave,Norm,Norm,1970.0,TA,1,,97000,
1222,78.0,10496,Pave,Artery,Norm,1949.0,TA,2,3.0,143000,
79,60.0,10440,Pave,Norm,Norm,1910.0,TA,1,2.0,110000,
231,174.0,15138,Pave,Norm,Norm,1995.0,Gd,2,4.0,403000,
584,51.0,6120,Pave,Norm,Norm,1935.0,TA,1,3.0,133000,
492,105.0,15578,Pave,Norm,Norm,2006.0,Gd,2,3.0,172785,
887,59.0,16466,Pave,Norm,Norm,1955.0,TA,1,3.0,135500,
1032,,14541,Pave,Norm,Norm,1993.0,Gd,2,5.0,310000,
309,90.0,12378,,Norm,Norm,2003.0,Gd,2,3.0,360000,
747,65.0,11700,Pave,Norm,Norm,1880.0,Gd,1,4.0,265979,
717,80.0,10000,Pave,Norm,Norm,1973.0,TA,1,3.0,157000,
356,,9248,Pave,Norm,Norm,1992.0,TA,2,3.0,173000,
527,67.0,14948,Pave,Norm,Norm,2008.0,Ex,2,3.0,446261,
531,60.0,6155,Pave,RRNn,Feedr,1920.0,TA,2,3.0,128000,
975,,2651,Pave,Norm,Norm,2000.0,Gd,2,3.0,165000,
1119,70.0,7560,Pave,Norm,Norm,1959.0,TA,1,3.0,133700,
1153,,5890,Pave,Norm,Norm,1930.0,Gd,1,2.0,120500,
278,107.0,14450,Pave,Norm,Norm,2006.0,Ex,2,3.0,415298,
1217,72.0,8640,Pave,Norm,Norm,2009.0,Gd,2,3.0,229456,
783,,9101,Pave,Norm,Norm,1978.0,TA,1,1.0,165500,
1274,53.0,5362,Pave,Norm,Norm,1910.0,TA,2,3.0,139000,
304,87.0,18386,Pave,Norm,Norm,1880.0,TA,3,3.0,295000,
771,67.0,8877,Pave,Norm,Norm,1951.0,TA,1,2.0,102000,
811,,4438,Pave,Norm,Norm,2004.0,Gd,1,1.0,144500,
323,49.0,5820,Pave,Norm,Norm,1955.0,TA,1,3.0,126175,
1317,47.0,4230,Pave,Norm,Norm,2006.0,Gd,2,2.0,208900,
1337,153.0,4118,Pave,Feedr,Norm,1941.0,TA,1,2.0,52500,
542,78.0,10140,Pave,RRAn,Norm,1998.0,Gd,2,3.0,213250,
896,50.0,8765,,Norm,Norm,1936.0,TA,1,2.0,106500,
445,73.0,9855,,Norm,Norm,1956.0,TA,1,,127500,
386,58.0,8410,Pave,Feedr,Norm,1910.0,TA,1,5.0,81000,
34,60.0,7313,Pave,Norm,Norm,2005.0,Ex,2,2.0,277500,
558,57.0,21872,Pave,Norm,Norm,1996.0,TA,2,3.0,175000,
465,,3072,Pave,Norm,Norm,2004.0,Gd,2,2.0,178740,
378,88.0,11394,Pave,Norm,Norm,2010.0,Gd,1,1.0,394432,
267,60.0,8400,Pave,Norm,Norm,1939.0,TA,2,4.0,179500,
1278,75.0,9473,Pave,Norm,Norm,2002.0,Gd,2,3.0,237000,
502,70.0,9170,Pave,Feedr,Norm,1965.0,TA,1,2.0,140000,
235,21.0,1680,Pave,Norm,Norm,1971.0,TA,1,2.0,89500,
628,70.0,11606,Pave,Norm,Norm,1969.0,TA,1,5.0,135000,
874,52.0,5720,Pave,Artery,Norm,1941.0,TA,1,3.0,66500,
576,52.0,6292,Pave,Norm,Norm,1928.0,TA,2,3.0,145000,
589,50.0,9100,Pave,RRAn,Feedr,1930.0,TA,1,2.0,79500,
811,,4438,Pave,Norm,Norm,2004.0,Gd,1,1.0,144500,
874,52.0,5720,Pave,Artery,Norm,1941.0,TA,1,3.0,66500,
298,90.0,11700,Pave,Norm,Norm,1968.0,Gd,1,3.0,175000,
367,101.0,9150,,Norm,Norm,1962.0,TA,1,3.0,165000,
797,57.0,7677,Pave,Norm,Norm,1953.0,TA,1,2.0,110000,
373,79.0,10634,Pave,Norm,Norm,1953.0,TA,1,3.0,123000,
1296,80.0,8700,Pave,Norm,Norm,1963.0,TA,2,3.0,155000,
513,71.0,9187,Pave,Norm,Norm,1983.0,TA,1,3.0,134000,
1334,24.0,2368,Pave,Norm,Norm,1970.0,TA,1,3.0,125000,
978,68.0,9450,Pave,Norm,Norm,1954.0,TA,1,3.0,110000,
396,60.0,7200,Pave,Norm,Norm,1972.0,TA,1,2.0,123000,
366,,9500,Pave,Norm,Norm,1963.0,TA,1,3.0,159000,
736,60.0,8544,Pave,Norm,Norm,1950.0,TA,2,2.0,93500,
352,60.0,9084,Pave,Artery,Norm,1941.0,TA,1,3.0,95000,
1016,73.0,11883,Pave,Norm,Norm,1996.0,Gd,2,3.0,203000,
82,78.0,10206,Pave,Norm,Norm,2007.0,TA,2,3.0,245000,
897,64.0,7018,Pave,Feedr,Norm,1979.0,TA,2,6.0,142953,
106,60.0,10800,Pave,Norm,Norm,1885.0,TA,1,2.0,100000,
712,40.0,4671,Pave,Norm,Norm,1988.0,Gd,2,2.0,189000,
136,,10355,Pave,Norm,Norm,1967.0,TA,2,3.0,143000,
781,65.0,7153,Pave,Norm,Norm,1992.0,Gd,2,3.0,175900,
610,,11050,Pave,PosN,Norm,2000.0,Gd,2,3.0,313000,
1101,61.0,9758,Pave,Norm,Norm,1971.0,TA,1,3.0,119500,
1189,60.0,7500,Pave,Norm,Norm,1999.0,TA,2,,189000,
900,,7340,Pave,Norm,Norm,1971.0,TA,1,2.0,110000,
308,,12342,Pave,Norm,Norm,1940.0,TA,1,1.0,82500,
635,60.0,10896,Pave,Feedr,Norm,1914.0,Fa,2,8.0,200000,
1022,52.0,9439,Pave,Norm,Norm,1930.0,TA,1,2.0,87000,
182,60.0,9060,Pave,Artery,Norm,1957.0,TA,1,3.0,120000,
396,60.0,7200,Pave,Norm,Norm,1972.0,TA,1,2.0,123000,
1333,60.0,7200,Pave,Norm,Norm,1938.0,TA,1,2.0,125500,
336,86.0,14157,Pave,Norm,Norm,2005.0,Gd,2,3.0,377426,
1152,90.0,14115,Pave,Norm,Norm,1956.0,TA,1,2.0,230000,
333,59.0,8198,Pave,Norm,Norm,2004.0,Gd,2,2.0,207000,
1075,75.0,13125,Pave,Norm,Norm,1940.0,TA,1,3.0,219500,
239,52.0,8741,Pave,Norm,Norm,1945.0,TA,1,3.0,113000,
952,60.0,7200,Pave,Norm,Norm,1972.0,TA,1,2.0,133900,
1375,89.0,10991,Pave,Norm,Norm,2007.0,Gd,2,3.0,239000,
748,59.0,10593,Pave,Norm,Norm,1996.0,Gd,2,3.0,260400,
622,71.0,7064,Pave,Norm,Norm,1977.0,TA,1,3.0,135000,
1373,,11400,Pave,Norm,Norm,2001.0,Ex,2,2.0,466500,
821,60.0,6000,Pave,Norm,Norm,1953.0,Fa,1,2.0,93000,
1036,89.0,12898,Pave,Norm,Norm,2007.0,Gd,2,2.0,315500,
399,65.0,8125,Pave,Norm,Norm,2006.0,Gd,2,2.0,241000,
486,79.0,10289,Pave,Norm,Norm,1965.0,TA,1,3.0,156000,
1104,24.0,2016,,Norm,Norm,1970.0,TA,2,3.0,106000,
693,60.0,5400,Pave,Norm,Norm,1921.0,TA,1,2.0,108480,
817,,13265,,Norm,Norm,2002.0,Gd,2,3.0,271000,
310,,7685,Pave,Norm,Norm,1993.0,TA,2,3.0,165600,
670,64.0,8633,Pave,Norm,Norm,2005.0,Gd,2,3.0,173500,
609,61.0,7943,Pave,Feedr,Norm,1961.0,TA,1,3.0,118500,
371,80.0,17120,Pave,Feedr,Norm,1959.0,TA,2,4.0,134432,
306,116.0,13474,Pave,Feedr,Norm,1990.0,Gd,2,4.0,225000,
266,70.0,11207,Pave,Norm,Norm,1997.0,TA,2,3.0,185000,
636,51.0,6120,Pave,Norm,Norm,1936.0,Fa,1,1.0,60000,
853,,12095,Pave,Norm,Norm,1964.0,TA,1,3.0,158000,
1122,,8926,Pave,Norm,Norm,1956.0,TA,1,3.0,112000,
1394,53.0,4045,Pave,Norm,Norm,2006.0,Gd,2,2.0,246578,
45,61.0,7658,Pave,Norm,Norm,2005.0,Ex,2,2.0,319900,
156,60.0,7200,Pave,Norm,Norm,1950.0,TA,1,2.0,109500,
334,59.0,9042,Pave,Norm,Norm,1998.0,TA,2,3.0,192000,
187,60.0,10410,,Norm,Norm,1916.0,TA,2,3.0,135000,
824,81.0,11216,Pave,Norm,Norm,2006.0,Gd,2,3.0,232600,
721,,4426,Pave,Norm,Norm,2004.0,Gd,1,1.0,143000,
202,50.0,7000,Pave,Artery,Norm,1924.0,TA,2,2.0,112000,
113,,21000,Pave,Norm,Norm,1953.0,TA,2,3.0,217000,
1023,43.0,3182,Pave,Norm,Norm,,Gd,2,2.0,191000,
1005,65.0,8385,Pave,Norm,Norm,1977.0,Gd,2,3.0,149900,
479,50.0,5925,Pave,Norm,Norm,1937.0,TA,1,2.0,89471,
522,50.0,5000,Pave,Feedr,Norm,1947.0,TA,2,3.0,159000,
311,50.0,8000,Pave,Norm,Norm,1948.0,TA,1,2.0,132000,
246,69.0,9142,Pave,Norm,Norm,1910.0,TA,2,4.0,137000,
7,,10382,Pave,PosN,Norm,1973.0,TA,2,3.0,200000,
899,65.0,6993,Pave,Feedr,Norm,1961.0,TA,1,3.0,135000,
430,21.0,1680,Pave,Norm,Norm,1971.0,TA,1,2.0,85400,
1055,104.0,11361,Pave,Norm,Norm,1976.0,TA,2,3.0,180000,
543,34.0,4058,Pave,Norm,Norm,1998.0,TA,1,1.0,133000,
219,43.0,3010,Pave,Norm,Norm,2005.0,Gd,2,2.0,167240,
903,50.0,14859,Pave,Norm,Norm,2006.0,Gd,2,3.0,240000,
1003,,11500,Pave,Feedr,RRAn,1976.0,TA,2,4.0,136905,
1260,,24682,Pave,RRAn,Norm,1999.0,TA,2,3.0,181000,
377,102.0,11143,,Norm,Norm,2004.0,Gd,3,4.0,340000,
640,62.0,12677,Pave,Norm,Norm,2003.0,Ex,1,1.0,274000,
376,57.0,8846,Pave,Norm,Norm,1996.0,Gd,1,2.0,148000,
1391,65.0,8944,Pave,Norm,Norm,1967.0,TA,2,4.0,124000,
565,66.0,6858,Pave,Norm,Norm,1915.0,TA,1,4.0,128000,
515,94.0,12220,Pave,Norm,Norm,2009.0,Ex,2,,402861,
1307,60.0,8072,Pave,Norm,Norm,1994.0,TA,1,3.0,138000,
110,75.0,9525,Pave,Norm,Norm,1954.0,TA,2,4.0,136900,
419,65.0,8450,Pave,Norm,Norm,1968.0,TA,1,3.0,142000,
270,84.0,10728,Pave,Norm,Norm,2006.0,Gd,2,3.0,266000,
635,60.0,10896,Pave,Feedr,Norm,1914.0,Fa,2,8.0,200000,
1300,,10762,Pave,Norm,Norm,1999.0,Gd,2,3.0,225000,
408,109.0,14154,Pave,Norm,Norm,2006.0,Gd,2,3.0,280000,
652,70.0,8750,Pave,Norm,Norm,1996.0,Gd,2,2.0,191000,
691,104.0,21535,Pave,Norm,Norm,1994.0,Ex,3,4.0,755000,
321,99.0,12099,Pave,Norm,Norm,2004.0,Gd,2,4.0,354000,
555,58.0,6380,Pave,Norm,Norm,1922.0,TA,1,2.0,113000,
90,60.0,7200,Pave,Norm,Norm,1950.0,TA,1,2.0,109900,
479,50.0,5925,Pave,Norm,Norm,1937.0,TA,1,2.0,89471,
240,75.0,9000,Pave,Norm,Norm,2008.0,Gd,2,3.0,262500,
1250,93.0,11160,Pave,Norm,Norm,1968.0,Gd,2,3.0,244000,
953,,11075,Pave,Norm,Norm,1969.0,TA,2,4.0,172000,
1174,80.0,16560,Pave,Norm,Norm,1932.0,TA,2,4.0,239000,
110,75.0,9525,Pave,Norm,Norm,1954.0,TA,2,4.0,136900,
1159,76.0,9120,Pave,Norm,Norm,1974.0,Gd,2,4.0,185000,
119,65.0,8461,Pave,Norm,Norm,2005.0,Gd,2,3.0,163990,
1216,68.0,8930,Pave,RRAe,Norm,1978.0,TA,2,4.0,112000,
479,50.0,5925,Pave,Norm,Norm,1937.0,TA,1,2.0,89471,
599,24.0,1950,Pave,Norm,Norm,,TA,2,3.0,151000,
981,98.0,12203,Pave,Norm,Norm,1998.0,Gd,2,4.0,336000,
1195,51.0,8029,Pave,Norm,Norm,2005.0,TA,2,3.0,176000,
1122,,8926,Pave,Norm,Norm,1956.0,TA,1,3.0,112000,
1074,74.0,8556,Pave,Norm,Norm,2006.0,Gd,2,2.0,194000,
302,118.0,13704,Pave,Norm,Norm,2001.0,Gd,2,3.0,205000,
413,56.0,8960,Pave,Artery,Norm,1927.0,TA,1,2.0,115000,
986,59.0,5310,Pave,Feedr,Norm,1910.0,TA,1,2.0,117000,
308,,12342,Pave,Norm,Norm,1940.0,TA,1,1.0,82500,
1188,68.0,8935,Pave,Norm,Norm,2002.0,Gd,2,3.0,195000,
131,,12224,Pave,Norm,Norm,2000.0,Gd,2,3.0,244000,
384,,53107,Pave,Feedr,Norm,1992.0,Gd,2,3.0,240000,
1419,,16381,Pave,Norm,Norm,1969.0,Gd,2,3.0,223000,
176,97.0,10029,Pave,Norm,Norm,1988.0,Gd,2,4.0,211000,
285,35.0,4251,Pave,Norm,Norm,2006.0,Gd,2,2.0,164700,
1172,35.0,4017,Pave,Norm,Norm,2006.0,Gd,2,2.0,171900,
105,75.0,9375,Pave,Norm,Norm,2003.0,Gd,2,3.0,250000,
991,121.0,17671,Pave,Artery,Norm,1882.0,Gd,1,4.0,168000,
1162,109.0,8724,Pave,Norm,Norm,1968.0,TA,1,3.0,129000,
953,,11075,Pave,Norm,Norm,1969.0,TA,2,4.0,172000,
658,78.0,17503,Pave,Artery,Norm,1948.0,TA,1,3.0,97500,
721,,4426,Pave,Norm,Norm,2004.0,Gd,1,1.0,143000,
1453,90.0,17217,Pave,Norm,Norm,2006.0,TA,1,3.0,84500,
993,68.0,8846,Pave,Norm,Norm,2005.0,TA,2,3.0,173900,
1148,,5700,Pave,Norm,Norm,1926.0,TA,1,2.0,116900,
942,42.0,7711,Pave,Norm,Norm,1977.0,TA,2,4.0,150000,
1087,85.0,10574,,Norm,Norm,2005.0,Gd,2,3.0,252000,
1249,60.0,7200,Pave,Norm,Norm,1950.0,TA,1,3.0,119000,
1362,,12513,Pave,Feedr,Norm,1920.0,TA,2,4.0,104900,
219,43.0,3010,Pave,Norm,Norm,2005.0,Gd,2,2.0,167240,
956,24.0,1300,Pave,Norm,Norm,1980.0,TA,1,2.0,124000,
81,32.0,4500,Pave,Norm,Norm,1998.0,TA,2,2.0,153500,
867,85.0,6970,Pave,Feedr,Norm,1961.0,TA,1,3.0,129000,
147,,9505,,Norm,Norm,2001.0,Gd,2,3.0,222500,
176,97.0,10029,Pave,Norm,Norm,1988.0,Gd,2,4.0,211000,
1391,65.0,8944,Pave,Norm,Norm,1967.0,TA,2,4.0,124000,
927,,9900,Pave,Feedr,Norm,1968.0,TA,2,4.0,176000,
1131,63.0,10712,Pave,Norm,Norm,1991.0,TA,1,3.0,93500,
99,77.0,9320,Pave,Norm,Norm,1959.0,TA,1,3.0,128950,
512,70.0,9100,Pave,Feedr,Norm,1958.0,TA,1,3.0,129900,
777,100.0,13350,Pave,Norm,Norm,1974.0,TA,1,3.0,142500,
446,137.0,16492,Pave,PosA,Norm,1966.0,Gd,2,2.0,190000,
1182,160.0,15623,Pave,Norm,Norm,1996.0,Gd,3,4.0,745000,
546,70.0,8737,Pave,Norm,Norm,1923.0,TA,1,3.0,210000,
789,,12205,Pave,Norm,Norm,1966.0,TA,2,5.0,187500,
885,50.0,5119,Pave,Norm,Norm,1999.0,Gd,2,2.0,328900,
1273,124.0,11512,Pave,Norm,Norm,1959.0,TA,1,2.0,177000,
485,80.0,9600,Pave,Norm,Norm,1950.0,Gd,1,3.0,147000,
277,140.0,19138,Pave,Norm,Norm,1951.0,TA,1,2.0,141000,
2,68.0,11250,Pave,Norm,Norm,2001.0,Gd,2,3.0,223500,
657,60.0,7200,Pave,Norm,Norm,1931.0,TA,1,3.0,149000,
1017,,5814,Pave,Norm,Norm,1984.0,Gd,1,1.0,187500,
864,72.0,8640,Pave,Norm,Norm,2007.0,Gd,2,3.0,250580,
231,174.0,15138,Pave,Norm,Norm,1995.0,Gd,2,4.0,403000,
444,70.0,8750,Pave,Norm,Norm,1994.0,Gd,2,4.0,210000,
559,,3196,Pave,Norm,Norm,2003.0,Gd,2,2.0,234000,
75,21.0,1596,Pave,Norm,Norm,1973.0,TA,1,2.0,91000,
1313,108.0,14774,Pave,Norm,Norm,1999.0,Gd,2,4.0,333168,
757,,11616,,Norm,Norm,1978.0,TA,2,3.0,158900,
804,75.0,9000,Pave,Norm,Norm,1954.0,TA,1,2.0,118000,
722,70.0,8120,,Norm,Norm,1970.0,TA,1,3.0,124500,
1419,,16381,Pave,Norm,Norm,1969.0,Gd,2,3.0,223000,
56,24.0,2645,Pave,Norm,Norm,1999.0,Gd,2,3.0,172500,
767,75.0,12508,Pave,Norm,Norm,1940.0,TA,2,4.0,160000,
770,,7252,Pave,Norm,Norm,1982.0,TA,1,2.0,134900,
962,24.0,2308,Pave,Norm,Norm,1976.0,TA,2,3.0,155000,
241,40.0,3880,Pave,Norm,Norm,1945.0,TA,1,2.0,110500,
530,85.0,10200,Pave,Norm,Norm,1988.0,Gd,2,3.0,175000,
1408,60.0,7740,Pave,Norm,Norm,1910.0,TA,1,3.0,125500,
436,40.0,4400,,Norm,Norm,1920.0,TA,1,2.0,116000,
113,,21000,Pave,Norm,Norm,1953.0,TA,2,3.0,217000,
249,,159000,Pave,Norm,Norm,1958.0,Gd,2,4.0,277000,
1215,99.0,7094,Pave,Norm,Norm,1966.0,TA,1,3.0,125000,
60,63.0,13072,Pave,RRAe,Norm,2004.0,TA,1,3.0,158000,
455,80.0,9600,Pave,Norm,Norm,1973.0,TA,1,3.0,175500,
802,63.0,8199,,Norm,Norm,2005.0,Gd,2,3.0,189000,
177,,13650,Pave,Norm,Norm,1958.0,Gd,2,4.0,172500,
304,87.0,18386,Pave,Norm,Norm,1880.0,TA,3,3.0,295000,
98,85.0,10625,Pave,Norm,Norm,1920.0,TA,1,2.0,83000,
1415,51.0,3635,Pave,Norm,Norm,2007.0,Gd,2,1.0,175900,
531,60.0,6155,Pave,RRNn,Feedr,1920.0,TA,2,3.0,128000,
433,100.0,10839,Pave,Norm,Norm,1997.0,TA,2,3.0,181000,
313,150.0,215245,Pave,Norm,Norm,1965.0,TA,2,3.0,375000,
230,73.0,8760,Pave,Norm,Norm,1959.0,TA,1,3.0,148000,
1246,65.0,8125,Pave,Norm,Norm,2005.0,Gd,2,3.0,186500,
1075,75.0,13125,Pave,Norm,Norm,1940.0,TA,1,3.0,219500,
1026,73.0,9300,Pave,Feedr,Norm,1960.0,TA,1,3.0,167500,
416,74.0,7844,Pave,Norm,Norm,1978.0,TA,1,3.0,149500,
804,75.0,9000,Pave,Norm,Norm,1954.0,TA,1,2.0,118000,
97,73.0,10921,Pave,Norm,Norm,1965.0,TA,1,3.0,94750,
1274,53.0,5362,Pave,Norm,Norm,1910.0,TA,2,3.0,139000,
977,35.0,4274,Pave,Norm,Norm,2006.0,Gd,1,1.0,199900,
726,,21695,Pave,Norm,Norm,1988.0,Gd,2,3.0,222000,
336,86.0,14157,Pave,Norm,Norm,2005.0,Gd,2,3.0,377426,
1075,75.0,13125,Pave,Norm,Norm,1940.0,TA,1,3.0,219500,
644,85.0,9187,Pave,Norm,Norm,2009.0,Ex,2,2.0,370878,
978,68.0,9450,Pave,Norm,Norm,1954.0,TA,1,3.0,110000,
21,57.0,7449,Pave,Norm,Norm,1930.0,TA,1,3.0,139400,
1183,60.0,10800,Pave,Norm,Norm,1920.0,TA,1,2.0,120000,
694,51.0,6120,Pave,Norm,Norm,1936.0,TA,1,3.0,141500,
97,73.0,10921,Pave,Norm,Norm,1965.0,TA,1,3.0,94750,
694,51.0,6120,Pave,Norm,Norm,1936.0,TA,1,3.0,141500,
1060,41.0,4920,,Norm,Norm,2001.0,Gd,2,2.0,213500,
376,57.0,8846,Pave,Norm,Norm,1996.0,Gd,1,2.0,148000,
953,,11075,Pave,Norm,Norm,1969.0,TA,2,4.0,172000,
1085,73.0,9069,Pave,Norm,Norm,1992.0,TA,1,2.0,147000,
1295,70.0,8400,Pave,Feedr,Norm,1968.0,TA,1,3.0,138500,
617,59.0,7227,Pave,Artery,Norm,1954.0,TA,1,2.0,105500,
866,67.0,10656,,Norm,Norm,2006.0,Gd,2,3.0,248900,
1173,138.0,18030,Pave,Norm,Norm,1946.0,TA,3,3.0,200500,
1443,,8854,Pave,Norm,Norm,1916.0,TA,1,2.0,121000,
332,85.0,10655,Pave,Norm,Norm,2003.0,Gd,2,3.0,284000,
1020,60.0,7024,Pave,Norm,Norm,2005.0,TA,1,2.0,176000,
684,58.0,16770,Pave,Norm,Norm,1998.0,Gd,2,4.0,221000,
1175,85.0,10678,Pave,Norm,Norm,1992.0,Gd,2,4.0,285000,
5,85.0,14115,Pave,Norm,Norm,1993.0,TA,1,1.0,143000,
993,68.0,8846,Pave,Norm,Norm,2005.0,TA,2,3.0,173900,
106,60.0,10800,Pave,Norm,Norm,1885.0,TA,1,2.0,100000,
1222,78.0,10496,Pave,Artery,Norm,1949.0,TA,2,3.0,143000,
1024,,15498,Pave,Norm,Norm,1976.0,Gd,2,2.0,287000,
130,88.0,14200,Pave,Norm,Norm,1966.0,TA,2,4.0,226000,
1079,65.0,8775,,Norm,Norm,1994.0,TA,1,3.0,126000,
708,65.0,9018,,Norm,Norm,2007.0,Gd,2,3.0,179540,
201,75.0,10125,,Norm,Norm,1977.0,TA,2,3.0,171500,
502,70.0,9170,Pave,Feedr,Norm,1965.0,TA,1,2.0,140000,
549,75.0,9375,Pave,Norm,Norm,2003.0,Gd,2,4.0,263000,
666,,18450,Pave,Norm,Norm,1965.0,TA,2,3.0,129000,
346,,12772,Pave,Norm,Norm,1960.0,TA,1,2.0,151500,
1256,91.0,14303,,Norm,Norm,1994.0,Gd,2,2.0,301500,
302,118.0,13704,Pave,Norm,Norm,2001.0,Gd,2,3.0,205000,
1195,51.0,8029,Pave,Norm,Norm,2005.0,TA,2,3.0,176000,
977,35.0,4274,Pave,Norm,Norm,2006.0,Gd,1,1.0,199900,
487,70.0,12243,Pave,Norm,Norm,1971.0,TA,2,3.0,175000,
267,60.0,8400,Pave,Norm,Norm,1939.0,TA,2,4.0,179500,
386,58.0,8410,Pave,Feedr,Norm,1910.0,TA,1,5.0,81000,
553,67.0,8777,Pave,Feedr,Norm,1949.0,TA,2,2.0,108000,
1015,70.0,8400,Pave,Norm,Norm,2001.0,Gd,2,3.0,227000,
49,66.0,7742,Pave,Norm,Norm,1966.0,TA,1,3.0,127000,
1199,75.0,11235,Pave,Norm,Norm,1963.0,TA,1,3.0,148000,
227,21.0,1869,Pave,Norm,Norm,1970.0,TA,1,2.0,106000,
1045,,13680,Pave,Norm,Norm,1955.0,TA,2,4.0,139600,
735,60.0,10800,Pave,Norm,Norm,1914.0,TA,1,2.0,163000,
336,86.0,14157,Pave,Norm,Norm,2005.0,Gd,2,3.0,377426,
1219,21.0,1680,,Norm,Norm,1971.0,TA,1,3.0,91500,
876,94.0,25286,Pave,Norm,Norm,1963.0,TA,1,3.0,132250,
1149,50.0,9000,,Artery,Norm,1920.0,TA,1,3.0,143000,
433,100.0,10839,Pave,Norm,Norm,1997.0,TA,2,3.0,181000,
1446,,26142,,Norm,Norm,1962.0,TA,1,3.0,157900,
656,72.0,10007,Pave,Norm,Norm,1959.0,Gd,1,3.0,145500,
530,85.0,10200,Pave,Norm,Norm,1988.0,Gd,2,3.0,175000,
297,66.0,7399,Pave,Norm,Norm,1997.0,Gd,2,3.0,239000,
357,44.0,4224,,Norm,Norm,1976.0,TA,1,3.0,134000,
290,120.0,15611,Pave,Norm,Norm,2006.0,Gd,2,3.0,233230,
206,40.0,13673,Pave,RRAe,Norm,1962.0,TA,1,3.0,143900,
1109,107.0,11362,Pave,Norm,Norm,2004.0,Gd,2,3.0,280000,
1310,100.0,17500,,PosA,Norm,1959.0,Gd,2,3.0,335000,
605,85.0,13600,Pave,Norm,Norm,1965.0,TA,2,3.0,205000,
924,79.0,10240,Pave,Norm,Norm,1980.0,TA,2,3.0,207500,
717,80.0,10000,Pave,Norm,Norm,1973.0,TA,1,3.0,157000,
965,65.0,10237,Pave,RRAn,Norm,2005.0,Gd,2,3.0,178900,
960,50.0,7207,Pave,Norm,Norm,1958.0,TA,1,2.0,116500,
1319,75.0,10215,,Norm,Norm,1954.0,TA,1,3.0,111000,
1368,,4435,Pave,Norm,Norm,2003.0,Gd,1,1.0,144000,
809,90.0,8100,Pave,Norm,Norm,1898.0,TA,2,2.0,106000,
1269,78.0,11344,Pave,Feedr,Norm,1958.0,TA,1,3.0,144000,
677,52.0,9022,Pave,Norm,Norm,1924.0,Gd,1,2.0,109500,
751,,7750,Pave,RRAn,Norm,2003.0,Gd,2,,162000,
520,60.0,10800,Pave,Norm,Norm,1900.0,TA,2,,106250,
903,50.0,14859,Pave,Norm,Norm,2006.0,Gd,2,3.0,240000,
1069,60.0,9600,Pave,Norm,Norm,1949.0,TA,1,2.0,135000,
1124,,9125,Pave,Norm,Norm,1992.0,TA,2,3.0,163900,
1346,,20781,Pave,PosN,Norm,1968.0,TA,2,3.0,262500,
688,60.0,8089,Pave,Norm,Norm,2007.0,Gd,2,2.0,392000,
25,110.0,14230,Pave,Norm,Norm,2007.0,Gd,2,3.0,256300,
858,80.0,10400,Pave,Norm,Norm,1976.0,TA,2,3.0,152000,
1139,98.0,8731,Pave,Norm,Norm,1920.0,TA,1,3.0,144000,
355,105.0,11249,Pave,Norm,Norm,1995.0,Gd,2,3.0,177500,
832,44.0,9548,Pave,Norm,Norm,2003.0,Gd,2,3.0,237000,
1073,75.0,7950,Pave,Norm,Norm,1977.0,TA,1,,159500,
940,55.0,12640,Pave,Norm,Norm,1976.0,TA,2,4.0,150900,
15,51.0,6120,Pave,Norm,Norm,1929.0,TA,1,2.0,132000,
748,59.0,10593,Pave,Norm,Norm,1996.0,Gd,2,3.0,260400,
853,,12095,Pave,Norm,Norm,1964.0,TA,1,3.0,158000,
841,60.0,10440,Pave,Norm,Norm,1904.0,TA,2,3.0,157500,
1124,,9125,Pave,Norm,Norm,1992.0,TA,2,3.0,163900,
1455,62.0,7917,Pave,Norm,Norm,1999.0,TA,2,,175000,
448,50.0,8600,Pave,Norm,Norm,1937.0,TA,2,3.0,119500,
13,91.0,10652,Pave,Norm,Norm,2006.0,Gd,2,3.0,279500,
869,80.0,9938,Pave,Norm,Norm,1993.0,Gd,2,3.0,236000,
1288,40.0,5664,Pave,Norm,Norm,2000.0,Gd,2,2.0,278000,
558,57.0,21872,Pave,Norm,Norm,1996.0,TA,2,3.0,175000,
1274,53.0,5362,Pave,Norm,Norm,1910.0,TA,2,3.0,139000,
535,70.0,7000,Pave,Norm,Norm,1910.0,TA,1,3.0,107500,
479,50.0,5925,Pave,Norm,Norm,1937.0,TA,1,2.0,89471,
566,77.0,11198,Pave,Norm,Norm,2005.0,Gd,2,4.0,325000,
218,,15660,Pave,Norm,Norm,1939.0,Gd,1,,311500,
927,,9900,Pave,Feedr,Norm,1968.0,TA,2,4.0,176000,
954,35.0,9400,Pave,Norm,Norm,1975.0,TA,2,4.0,127500,
380,50.0,5000,,Norm,Norm,1924.0,TA,2,3.0,127000,
1060,41.0,4920,,Norm,Norm,2001.0,Gd,2,2.0,213500,
842,82.0,9020,Pave,Norm,Norm,1966.0,TA,1,3.0,174900,
957,70.0,7420,Pave,Norm,Norm,1962.0,TA,1,3.0,132000,
1043,86.0,11839,Pave,Norm,Norm,1990.0,TA,2,4.0,262280,
1230,,18890,,Feedr,RRAe,1977.0,TA,2,4.0,190000,
544,58.0,17104,Pave,Norm,Norm,2006.0,Gd,2,3.0,179665,
159,134.0,19378,Pave,Norm,Norm,2005.0,Gd,2,4.0,320000,
1175,85.0,10678,Pave,Norm,Norm,1992.0,Gd,2,4.0,285000,
1219,21.0,1680,,Norm,Norm,1971.0,TA,1,3.0,91500,
1406,70.0,8445,,Norm,Norm,1972.0,TA,1,2.0,133000,
1417,,16545,Pave,Norm,Norm,1998.0,Gd,2,3.0,340000,
497,60.0,9120,Pave,Norm,Norm,1925.0,TA,2,4.0,184000,
409,85.0,10800,Pave,Norm,Norm,2007.0,Gd,2,3.0,339750,
545,,13837,Pave,Norm,Norm,1988.0,Gd,2,,229000,
1367,41.0,2665,Pave,Norm,Norm,1977.0,TA,2,4.0,127000,
1392,68.0,7838,Pave,Norm,Norm,1967.0,TA,1,3.0,123000,
196,79.0,9416,Pave,Norm,Norm,2007.0,Ex,2,3.0,311872,
344,36.0,2592,Pave,Norm,Norm,1976.0,TA,1,3.0,85000,
197,174.0,25419,,Artery,Norm,1918.0,Gd,2,4.0,235000,
910,80.0,11600,Pave,Feedr,Norm,1960.0,TA,2,5.0,154300,
491,79.0,9490,Pave,Artery,Norm,1941.0,TA,1,3.0,133000,
550,53.0,4043,Pave,Norm,Norm,1977.0,TA,2,2.0,140000,
1406,70.0,8445,,Norm,Norm,1972.0,TA,1,2.0,133000,
1079,65.0,8775,,Norm,Norm,1994.0,TA,1,3.0,126000,
702,82.0,12438,Pave,Norm,Norm,2006.0,Ex,2,4.0,361919,
643,80.0,10793,Pave,RRAn,Norm,1969.0,TA,2,4.0,152000,
369,,9830,Pave,Norm,Norm,1959.0,TA,1,3.0,162000,
842,82.0,9020,Pave,Norm,Norm,1966.0,TA,1,3.0,174900,
1000,74.0,10206,Pave,Norm,Norm,1952.0,TA,1,2.0,82000,
694,51.0,6120,Pave,Norm,Norm,1936.0,TA,1,3.0,141500,
241,40.0,3880,Pave,Norm,Norm,1945.0,TA,1,2.0,110500,
1199,75.0,11235,Pave,Norm,Norm,1963.0,TA,1,3.0,148000,
1004,43.0,3182,Pave,Norm,Norm,2005.0,Gd,2,1.0,181000,
1390,70.0,9100,Pave,Norm,Norm,2000.0,Gd,2,3.0,235000,
969,75.0,10382,,Norm,Norm,1958.0,TA,1,2.0,140000,
216,65.0,8450,Pave,Norm,Norm,2004.0,Gd,2,3.0,210000,
1003,,11500,Pave,Feedr,RRAn,1976.0,TA,2,4.0,136905,
143,78.0,10335,Pave,Norm,Norm,1999.0,Gd,2,3.0,204000,
3,60.0,9550,,Norm,Norm,1915.0,TA,1,3.0,140000,
1441,,4426,Pave,Norm,Norm,2004.0,Gd,1,1.0,149300,
663,90.0,10012,Pave,Norm,Norm,1972.0,TA,2,3.0,137500,
335,,164660,Grvl,Norm,Norm,1965.0,TA,2,3.0,228950,
1155,90.0,10768,Pave,Norm,Norm,1976.0,Gd,2,3.0,218000,
1381,,12925,Pave,Norm,Norm,1970.0,TA,2,4.0,237500,
739,65.0,9313,Pave,Norm,Norm,2004.0,Gd,2,3.0,190000,
1107,168.0,23257,Pave,Norm,Norm,2006.0,Gd,2,3.0,274725,
396,60.0,7200,Pave,Norm,Norm,1972.0,TA,1,2.0,123000,
445,73.0,9855,,Norm,Norm,1956.0,TA,1,,127500,
965,65.0,10237,Pave,RRAn,Norm,2005.0,Gd,2,3.0,178900,
1199,75.0,11235,Pave,Norm,Norm,1963.0,TA,1,3.0,148000,
1191,24.0,2645,,Norm,Norm,1999.0,Gd,2,2.0,174000,
278,107.0,14450,Pave,Norm,Norm,2006.0,Ex,2,3.0,415298,
1140,60.0,7350,Pave,Norm,Norm,1951.0,TA,1,2.0,139000,
781,65.0,7153,Pave,Norm,Norm,1992.0,Gd,2,3.0,175900,
1338,95.0,13450,Pave,Norm,Norm,2002.0,Gd,2,3.0,200000,
1023,43.0,3182,Pave,Norm,Norm,,Gd,2,2.0,191000,
1435,80.0,8400,Pave,Norm,Norm,1962.0,Gd,1,3.0,174000,
950,60.0,7200,Pave,Norm,Norm,1950.0,TA,1,3.0,129000,
370,,8121,Pave,Norm,Norm,2000.0,TA,2,3.0,172400,
1278,75.0,9473,Pave,Norm,Norm,2002.0,Gd,2,3.0,237000,
716,60.0,10800,Pave,Norm,Norm,1890.0,TA,1,3.0,159500,
1316,61.0,10226,Pave,Norm,Norm,2008.0,Gd,2,3.0,295493,
1274,53.0,5362,Pave,Norm,Norm,1910.0,TA,2,3.0,139000,
700,85.0,14331,Pave,Norm,Norm,2002.0,Gd,2,3.0,312500,
1322,107.0,10186,Pave,Norm,Norm,1992.0,Gd,2,3.0,190000,
953,,11075,Pave,Norm,Norm,1969.0,TA,2,4.0,172000,
1057,,29959,Pave,Norm,Norm,1994.0,Gd,2,3.0,248000,
887,59.0,16466,Pave,Norm,Norm,1955.0,TA,1,3.0,135500,
1428,60.0,7200,Pave,Norm,Norm,1940.0,TA,1,2.0,119000,
482,50.0,2500,Pave,Norm,Norm,1915.0,Gd,1,4.0,155000,
96,78.0,10264,Pave,Norm,Norm,1999.0,Gd,2,3.0,214000,
194,60.0,7180,Pave,Norm,Norm,1972.0,TA,1,3.0,127000,
1045,,13680,Pave,Norm,Norm,1955.0,TA,2,4.0,139600,
13,91.0,10652,Pave,Norm,Norm,2006.0,Gd,2,3.0,279500,
19,70.0,7560,Pave,Norm,Norm,1958.0,TA,1,3.0,139000,
205,99.0,11851,Pave,Norm,Norm,1990.0,TA,2,3.0,180500,
912,51.0,6120,Pave,Norm,Norm,1925.0,TA,1,3.0,88000,
97,73.0,10921,Pave,Norm,Norm,1965.0,TA,1,3.0,94750,
1327,60.0,6600,Pave,Norm,Norm,1982.0,Gd,1,3.0,130500,
251,44.0,4750,Pave,Norm,Norm,2006.0,Gd,2,2.0,235000,
486,79.0,10289,Pave,Norm,Norm,1965.0,TA,1,3.0,156000,
503,100.0,15602,Pave,Norm,Norm,1959.0,TA,2,1.0,289000,
433,100.0,10839,Pave,Norm,Norm,1997.0,TA,2,3.0,181000,
455,80.0,9600,Pave,Norm,Norm,1973.0,TA,1,3.0,175500,
1352,50.0,6000,Pave,Norm,Norm,1937.0,Gd,1,2.0,134900,
1029,21.0,1680,Pave,Norm,Norm,1972.0,TA,1,,118000,
622,71.0,7064,Pave,Norm,Norm,1977.0,TA,1,3.0,135000,
225,21.0,1680,Pave,Norm,Norm,1971.0,TA,2,3.0,112000,
386,58.0,8410,Pave,Feedr,Norm,1910.0,TA,1,5.0,81000,
343,63.0,8849,,Norm,Norm,2005.0,Ex,2,2.0,266000,
378,88.0,11394,Pave,Norm,Norm,2010.0,Gd,1,1.0,394432,
69,81.0,15593,Pave,Norm,Norm,1953.0,Gd,2,3.0,225000,
215,72.0,10011,Pave,Norm,Norm,1957.0,TA,1,2.0,134450,
505,60.0,7596,,Artery,Norm,1952.0,TA,2,4.0,124500,
1184,50.0,35133,Grvl,Norm,Norm,1963.0,TA,1,3.0,186700,
1251,,3136,Pave,Norm,Norm,2003.0,Gd,2,2.0,171750,
789,,12205,Pave,Norm,Norm,1966.0,TA,2,5.0,187500,
98,85.0,10625,Pave,Norm,Norm,1920.0,TA,1,2.0,83000,
991,121.0,17671,Pave,Artery,Norm,1882.0,Gd,1,4.0,168000,
220,73.0,8990,Pave,Norm,Norm,2006.0,Gd,2,2.0,204900,
888,95.0,15865,Pave,Norm,Norm,1970.0,Gd,2,4.0,268000,
483,32.0,4500,Pave,Norm,Norm,1998.0,TA,2,2.0,164000,
1396,,57200,Pave,Norm,Norm,1948.0,TA,1,3.0,160000,
426,,12800,,Norm,Norm,1989.0,Gd,2,2.0,275000,
565,66.0,6858,Pave,Norm,Norm,1915.0,TA,1,4.0,128000,
1186,107.0,10615,Pave,Artery,Artery,1900.0,TA,2,3.0,95000,
623,,2117,Pave,Norm,Norm,2000.0,Gd,2,2.0,168500,
442,52.0,6240,Pave,Norm,Norm,1930.0,TA,2,3.0,162900,
987,83.0,10159,Pave,Norm,Norm,2009.0,Ex,2,3.0,395192,
216,65.0,8450,Pave,Norm,Norm,2004.0,Gd,2,3.0,210000,
543,34.0,4058,Pave,Norm,Norm,1998.0,TA,1,1.0,133000,
957,70.0,7420,Pave,Norm,Norm,1962.0,TA,1,3.0,132000,
1249,60.0,7200,Pave,Norm,Norm,1950.0,TA,1,3.0,119000,
1352,50.0,6000,Pave,Norm,Norm,1937.0,Gd,1,2.0,134900,
454,63.0,9297,Pave,Norm,Norm,1976.0,TA,2,4.0,188000,
962,24.0,2308,Pave,Norm,Norm,1976.0,TA,2,3.0,155000,
1428,60.0,7200,Pave,Norm,Norm,1940.0,TA,1,2.0,119000,
941,,8755,Pave,RRNn,Norm,1999.0,Gd,2,3.0,214000,
1395,88.0,12665,Pave,Norm,Norm,2005.0,Gd,2,4.0,281213,
355,105.0,11249,Pave,Norm,Norm,1995.0,Gd,2,3.0,177500,
364,,18800,Pave,Norm,Norm,1976.0,TA,2,3.0,190000,
428,64.0,6762,Pave,Norm,Norm,2007.0,Gd,2,2.0,195400,
827,65.0,8529,Pave,Norm,Norm,2001.0,Gd,2,3.0,189000,
713,60.0,9873,Pave,RRAn,Norm,1970.0,TA,1,3.0,129000,
323,49.0,5820,Pave,Norm,Norm,1955.0,TA,1,3.0,126175,
466,85.0,10628,Pave,Norm,Norm,1970.0,TA,1,2.0,167000,
812,66.0,8712,Grvl,Norm,Norm,1952.0,Fa,1,2.0,55993,
1149,50.0,9000,,Artery,Norm,1920.0,TA,1,3.0,143000,
675,24.0,2289,Pave,Norm,Norm,1978.0,TA,2,3.0,148500,
810,78.0,10140,Pave,Norm,Norm,1974.0,TA,1,3.0,181000,
530,85.0,10200,Pave,Norm,Norm,1988.0,Gd,2,3.0,175000,
52,110.0,8472,Grvl,RRNn,Norm,1963.0,Fa,1,2.0,110000,
716,60.0,10800,Pave,Norm,Norm,1890.0,TA,1,3.0,159500,
220,73.0,8990,Pave,Norm,Norm,2006.0,Gd,2,2.0,204900,
137,82.0,11070,Pave,Norm,Norm,1988.0,TA,3,5.0,171000,
423,80.0,9200,Pave,Norm,Norm,1998.0,Gd,2,4.0,315000,
1075,75.0,13125,Pave,Norm,Norm,1940.0,TA,1,3.0,219500,
419,65.0,8450,Pave,Norm,Norm,1968.0,TA,1,3.0,142000,
944,,14375,,Norm,Norm,1958.0,TA,1,3.0,137500,
1270,,23595,Pave,Norm,Norm,1979.0,Gd,-1,0.0,260000,
966,130.0,9600,Pave,Norm,Norm,1940.0,Gd,1,2.0,160000,
696,50.0,6000,Pave,Norm,Norm,1921.0,TA,1,,89000,
92,80.0,13360,Pave,Norm,Norm,1921.0,TA,1,2.0,163500,
1223,89.0,10680,,Norm,Norm,1951.0,TA,2,4.0,137900,
504,24.0,2308,Pave,Norm,Norm,1974.0,TA,2,3.0,147000,
11,85.0,11924,Pave,Norm,Norm,2005.0,Ex,3,4.0,345000,
1377,60.0,10998,Pave,Norm,Norm,1941.0,TA,2,3.0,117000,
1024,,15498,Pave,Norm,Norm,1976.0,Gd,2,2.0,287000,
1212,50.0,9340,Pave,Norm,Norm,1941.0,TA,1,2.0,113000,
707,48.0,6240,Pave,Norm,Norm,2006.0,Gd,2,,254000,
1051,103.0,11175,Pave,Norm,Norm,2007.0,Gd,2,3.0,200141,
1308,100.0,12000,Pave,Norm,Norm,1948.0,TA,1,2.0,147000,
1326,70.0,4270,Pave,Norm,Norm,1931.0,TA,1,3.0,79000,
792,92.0,9920,Pave,Norm,Norm,1996.0,Gd,2,3.0,269790,
841,60.0,10440,Pave,Norm,Norm,1904.0,TA,2,3.0,157500,
1063,50.0,6000,Pave,Artery,Norm,1925.0,TA,1,2.0,110500,
26,60.0,7200,Pave,Norm,Norm,1951.0,TA,1,3.0,134800,
712,40.0,4671,Pave,Norm,Norm,1988.0,Gd,2,2.0,189000,
645,,10530,Pave,Norm,Norm,1971.0,TA,1,3.0,143250,
511,40.0,6792,Pave,Norm,Norm,2005.0,Gd,2,2.0,202665,
123,55.0,7892,,Norm,Norm,1993.0,Gd,2,2.0,153900,
744,41.0,5395,Pave,Norm,Norm,1993.0,Gd,2,2.0,180000,
253,85.0,9350,Pave,Norm,Norm,1964.0,TA,2,3.0,158000,
270,84.0,10728,Pave,Norm,Norm,2006.0,Gd,2,3.0,266000,
1355,102.0,10192,Pave,Norm,Norm,1968.0,TA,3,4.0,170000,
1409,46.0,20544,Pave,Norm,Norm,1986.0,TA,2,3.0,215000,
318,90.0,9900,Pave,Norm,Norm,1993.0,Gd,2,4.0,260000,
484,,7758,Pave,Norm,Norm,1962.0,TA,1,3.0,132500,
1375,89.0,10991,Pave,Norm,Norm,2007.0,Gd,2,3.0,239000,
726,,21695,Pave,Norm,Norm,1988.0,Gd,2,3.0,222000,
324,96.0,11275,Pave,PosN,Norm,1967.0,Gd,2,5.0,242000,
866,67.0,10656,,Norm,Norm,2006.0,Gd,2,3.0,248900,
1268,,14100,,Norm,Norm,1935.0,TA,3,4.0,381000,
1084,,13031,Pave,Norm,Norm,1995.0,TA,2,3.0,187500,
1140,60.0,7350,Pave,Norm,Norm,1951.0,TA,1,2.0,139000,
795,70.0,8400,Pave,Norm,Norm,1980.0,TA,2,3.0,171000,
1184,50.0,35133,Grvl,Norm,Norm,1963.0,TA,1,3.0,186700,
158,100.0,12552,Pave,Norm,Norm,2004.0,Gd,2,3.0,254900,
869,80.0,9938,Pave,Norm,Norm,1993.0,Gd,2,3.0,236000,
270,84.0,10728,Pave,Norm,Norm,2006.0,Gd,2,3.0,266000,
1124,,9125,Pave,Norm,Norm,1992.0,TA,2,3.0,163900,
44,70.0,7945,Pave,Norm,Norm,1959.0,TA,1,3.0,141000,
860,55.0,7642,Pave,Norm,Norm,1918.0,Gd,1,3.0,189950,
181,54.0,7588,Pave,Norm,Norm,1920.0,TA,1,4.0,200100,
651,60.0,9084,Pave,Artery,Norm,1940.0,TA,1,4.0,108000,
1327,60.0,6600,Pave,Norm,Norm,1982.0,Gd,1,3.0,130500,
1346,,20781,Pave,PosN,Norm,1968.0,TA,2,3.0,262500,
966,130.0,9600,Pave,Norm,Norm,1940.0,Gd,1,2.0,160000,
592,60.0,6600,Pave,Norm,Norm,1982.0,TA,1,2.0,138000,
903,50.0,14859,Pave,Norm,Norm,2006.0,Gd,2,3.0,240000,
1342,,9375,,Norm,Norm,2002.0,Gd,2,3.0,228500,
1087,85.0,10574,,Norm,Norm,2005.0,Gd,2,3.0,252000,
113,,21000,Pave,Norm,Norm,1953.0,TA,2,3.0,217000,
807,144.0,21384,Pave,Norm,Norm,1923.0,TA,1,3.0,223500,
281,60.0,7200,Pave,Norm,Norm,2006.0,Gd,2,2.0,185000,
344,36.0,2592,Pave,Norm,Norm,1976.0,TA,1,3.0,85000,
510,75.0,14559,Pave,Norm,Norm,1951.0,Gd,1,2.0,164900,
530,85.0,10200,Pave,Norm,Norm,1988.0,Gd,2,3.0,175000,
10,70.0,11200,,Norm,Norm,1965.0,TA,1,3.0,129500,
425,60.0,3378,Pave,Norm,Norm,1946.0,TA,1,3.0,135000,
204,50.0,3500,Pave,Norm,Norm,1947.0,TA,1,2.0,110000,
1106,114.0,10357,Pave,Feedr,Norm,1990.0,Gd,2,3.0,179900,
1312,,9572,Pave,Norm,Norm,1990.0,Gd,2,4.0,302000,
1449,21.0,1533,Pave,Norm,Norm,1970.0,TA,1,1.0,92000,
496,,12692,Pave,Norm,Norm,1992.0,Gd,3,4.0,430000,
736,60.0,8544,Pave,Norm,Norm,1950.0,TA,2,2.0,93500,
1165,79.0,9541,Pave,Norm,Norm,2009.0,Gd,2,3.0,233170,
391,71.0,12209,Pave,Norm,Norm,2001.0,TA,2,3.0,215000,
853,,12095,Pave,Norm,Norm,1964.0,TA,1,3.0,158000,
123,55.0,7892,,Norm,Norm,1993.0,Gd,2,2.0,153900,
1029,21.0,1680,Pave,Norm,Norm,1972.0,TA,1,,118000,
123,55.0,7892,,Norm,Norm,1993.0,Gd,2,2.0,153900,
1220,66.0,7800,,Norm,Norm,1964.0,TA,1,2.0,115000,
309,90.0,12378,,Norm,Norm,2003.0,Gd,2,3.0,360000,
736,60.0,8544,Pave,Norm,Norm,1950.0,TA,2,2.0,93500,
93,60.0,7200,Pave,Norm,Norm,1910.0,TA,2,4.0,133900,
722,70.0,8120,,Norm,Norm,1970.0,TA,1,3.0,124500,
885,50.0,5119,Pave,Norm,Norm,1999.0,Gd,2,2.0,328900,
688,60.0,8089,Pave,Norm,Norm,2007.0,Gd,2,2.0,392000,
315,71.0,7795,Pave,Norm,Norm,2004.0,Gd,2,3.0,188500,
1396,,57200,Pave,Norm,Norm,1948.0,TA,1,3.0,160000,
168,62.0,8244,Pave,Norm,Norm,2004.0,Gd,2,3.0,183500,
453,75.0,9000,Pave,Norm,Norm,2008.0,Gd,2,3.0,210000,
413,56.0,8960,Pave,Artery,Norm,1927.0,TA,1,2.0,115000,
1321,,6627,Pave,Feedr,Norm,1949.0,TA,1,2.0,72500,
1235,96.0,13132,Pave,Norm,Norm,1914.0,TA,1,4.0,138887,
811,,4438,Pave,Norm,Norm,2004.0,Gd,1,1.0,144500,
963,122.0,11923,Pave,Norm,Norm,2007.0,Gd,2,2.0,239000,
139,65.0,15426,Pave,Norm,Norm,1997.0,TA,2,3.0,231500,
1285,50.0,6000,Pave,Norm,Norm,1939.0,TA,1,4.0,132500,
100,,10603,Pave,Norm,Norm,1977.0,TA,2,3.0,205000,
1038,21.0,1533,Pave,Norm,Norm,1970.0,TA,1,,97000,
378,88.0,11394,Pave,Norm,Norm,2010.0,Gd,1,1.0,394432,
302,118.0,13704,Pave,Norm,Norm,2001.0,Gd,2,3.0,205000,
301,66.0,16226,Pave,Norm,Norm,1998.0,Gd,2,4.0,267000,
139,65.0,15426,Pave,Norm,Norm,1997.0,TA,2,3.0,231500,
816,,11425,Pave,Norm,Norm,1954.0,TA,1,2.0,137000,
5,85.0,14115,Pave,Norm,Norm,1993.0,TA,1,1.0,143000,
491,79.0,9490,Pave,Artery,Norm,1941.0,TA,1,3.0,133000,
211,83.0,10420,Pave,Norm,Norm,2009.0,TA,2,3.0,186000,
1247,,12328,Pave,Norm,Norm,1976.0,TA,1,3.0,169900,
1200,71.0,9353,Pave,Norm,Norm,1970.0,TA,1,3.0,116050,
568,79.0,12327,Pave,Norm,Norm,1983.0,Gd,1,1.0,316600,
393,,7446,Pave,Feedr,Norm,1941.0,TA,1,2.0,100000,
550,53.0,4043,Pave,Norm,Norm,1977.0,TA,2,2.0,140000,
500,21.0,1890,Pave,Norm,Norm,1973.0,TA,1,3.0,113000,
499,70.0,7535,Pave,Norm,Norm,1958.0,TA,1,2.0,120000,
755,34.0,3230,Pave,Norm,Norm,1999.0,TA,2,3.0,172500,
446,137.0,16492,Pave,PosA,Norm,1966.0,Gd,2,2.0,190000,
758,24.0,2280,Pave,Norm,Norm,1999.0,TA,2,3.0,179400,
1302,92.0,10120,Pave,Norm,Norm,1994.0,Gd,2,4.0,290000,
1096,60.0,6882,Pave,Norm,Norm,1914.0,TA,1,3.0,127000,
395,68.0,9571,Pave,Norm,Norm,1956.0,TA,1,3.0,129000,
197,174.0,25419,,Artery,Norm,1918.0,Gd,2,4.0,235000,
678,80.0,11844,Pave,Norm,Norm,2008.0,Gd,2,3.0,372500,
770,,7252,Pave,Norm,Norm,1982.0,TA,1,2.0,134900,
633,80.0,9250,Pave,Norm,Norm,1954.0,TA,1,3.0,139400,
93,60.0,7200,Pave,Norm,Norm,1910.0,TA,2,4.0,133900,
343,63.0,8849,,Norm,Norm,2005.0,Ex,2,2.0,266000,
377,102.0,11143,,Norm,Norm,2004.0,Gd,3,4.0,340000,
652,70.0,8750,Pave,Norm,Norm,1996.0,Gd,2,2.0,191000,
729,52.0,6240,Pave,Norm,Norm,1925.0,TA,1,2.0,103000,
1252,62.0,9858,Pave,Norm,Norm,1968.0,TA,1,3.0,130000,
193,24.0,2522,Pave,Norm,Norm,2004.0,Gd,2,3.0,130000,
1290,,14112,Pave,Norm,Norm,1964.0,TA,1,3.0,180500,
795,70.0,8400,Pave,Norm,Norm,1980.0,TA,2,3.0,171000,
11,85.0,11924,Pave,Norm,Norm,2005.0,Ex,3,4.0,345000,
768,70.0,9100,Pave,Norm,Norm,2004.0,Gd,2,3.0,216837,
835,60.0,9600,Pave,Norm,Norm,1950.0,TA,2,2.0,128000,
1072,50.0,7585,Pave,Artery,Norm,1948.0,TA,1,,91500,
1013,60.0,7200,Pave,Norm,Norm,1910.0,TA,1,2.0,85000,
202,50.0,7000,Pave,Artery,Norm,1924.0,TA,2,2.0,112000,
536,57.0,8924,Pave,Norm,Norm,1998.0,TA,2,3.0,188000,
301,66.0,16226,Pave,Norm,Norm,1998.0,Gd,2,4.0,267000,
940,55.0,12640,Pave,Norm,Norm,1976.0,TA,2,4.0,150900,
258,80.0,12435,Pave,Norm,Norm,2001.0,Gd,2,3.0,231500,
974,60.0,11414,Pave,RRAn,Feedr,1910.0,TA,1,3.0,167500,
0,65.0,8450,Pave,Norm,Norm,2003.0,Gd,2,3.0,208500,
989,65.0,8125,,Norm,Norm,2006.0,Gd,2,3.0,197000,
231,174.0,15138,Pave,Norm,Norm,1995.0,Gd,2,4.0,403000,
231,174.0,15138,Pave,Norm,Norm,1995.0,Gd,2,4.0,403000,
141,78.0,11645,Pave,Norm,Norm,2005.0,Gd,2,3.0,260000,
691,104.0,21535,Pave,Norm,Norm,1994.0,Ex,3,4.0,755000,
315,71.0,7795,Pave,Norm,Norm,2004.0,Gd,2,3.0,188500,
458,,5100,Pave,Norm,Norm,1925.0,TA,1,3.0,161000,
757,,11616,,Norm,Norm,1978.0,TA,2,3.0,158900,
1175,85.0,10678,Pave,Norm,Norm,1992.0,Gd,2,4.0,285000,
777,100.0,13350,Pave,Norm,Norm,1974.0,TA,1,3.0,142500,
1431,,4928,Pave,Norm,Norm,1976.0,TA,2,2.0,143750,
537,,12735,Pave,Norm,Norm,1972.0,TA,1,3.0,111250,
280,82.0,11287,Pave,Norm,Norm,1989.0,Gd,2,3.0,228500,
1268,,14100,,Norm,Norm,1935.0,TA,3,4.0,381000,
405,,9991,Pave,Feedr,Norm,1976.0,TA,2,3.0,150000,
1154,,13700,Pave,Norm,Norm,1965.0,TA,1,4.0,201800,
1450,60.0,9000,Pave,Norm,Norm,1974.0,TA,2,4.0,136000,
338,91.0,14145,Pave,Norm,Norm,1984.0,Gd,2,3.0,202500,
503,100.0,15602,Pave,Norm,Norm,1959.0,TA,2,1.0,289000,
1322,107.0,10186,Pave,Norm,Norm,1992.0,Gd,2,3.0,190000,
535,70.0,7000,Pave,Norm,Norm,1910.0,TA,1,3.0,107500,
708,65.0,9018,,Norm,Norm,2007.0,Gd,2,3.0,179540,
513,71.0,9187,Pave,Norm,Norm,1983.0,TA,1,3.0,134000,
674,80.0,9200,Pave,Norm,Norm,1965.0,TA,1,3.0,140000,
702,82.0,12438,Pave,Norm,Norm,2006.0,Ex,2,4.0,361919,
302,118.0,13704,Pave,Norm,Norm,2001.0,Gd,2,3.0,205000,
535,70.0,7000,Pave,Norm,Norm,1910.0,TA,1,3.0,107500,
129,69.0,8973,Pave,Norm,Norm,1958.0,TA,1,3.0,150000,
789,,12205,Pave,Norm,Norm,1966.0,TA,2,5.0,187500,
538,,11553,Pave,Norm,Norm,1968.0,TA,1,3.0,158000,
1114,90.0,5400,Pave,Norm,Norm,1954.0,TA,1,2.0,117000,
1057,,29959,Pave,Norm,Norm,1994.0,Gd,2,3.0,248000,
1015,70.0,8400,Pave,Norm,Norm,2001.0,Gd,2,3.0,227000,
821,60.0,6000,Pave,Norm,Norm,1953.0,Fa,1,2.0,93000,
853,,12095,Pave,Norm,Norm,1964.0,TA,1,3.0,158000,
777,100.0,13350,Pave,Norm,Norm,1974.0,TA,1,3.0,142500,
209,75.0,8250,Pave,Norm,Norm,1964.0,TA,1,3.0,145000,
1038,21.0,1533,Pave,Norm,Norm,1970.0,TA,1,,97000,
1304,32.0,3363,Pave,Norm,Norm,2004.0,Gd,2,3.0,130000,
895,71.0,7056,Pave,Norm,Norm,1963.0,TA,1,4.0,140000,
1082,70.0,8749,Pave,Norm,Norm,2002.0,Gd,2,3.0,192000,
737,72.0,10463,Pave,Norm,Norm,2005.0,Gd,2,3.0,239900,
396,60.0,7200,Pave,Norm,Norm,1972.0,TA,1,2.0,123000,
720,,6563,Pave,Norm,Norm,1985.0,Gd,2,2.0,275000,
777,100.0,13350,Pave,Norm,Norm,1974.0,TA,1,3.0,142500,
1249,60.0,7200,Pave,Norm,Norm,1950.0,TA,1,3.0,119000,
1387,60.0,8520,Pave,Artery,Norm,1916.0,TA,2,5.0,136000,
454,63.0,9297,Pave,Norm,Norm,1976.0,TA,2,4.0,188000,
1435,80.0,8400,Pave,Norm,Norm,1962.0,Gd,1,3.0,174000,
565,66.0,6858,Pave,Norm,Norm,1915.0,TA,1,4.0,128000,
665,106.0,11194,Pave,Norm,Norm,2000.0,Gd,2,3.0,230500,
786,60.0,10800,Pave,Artery,Norm,1915.0,TA,2,4.0,139000,
1078,37.0,4435,Pave,Norm,Norm,2004.0,Gd,1,1.0,155900,
1210,70.0,11218,Pave,Norm,Norm,1992.0,Gd,2,3.0,189000,
731,73.0,9590,Pave,Norm,Norm,2003.0,Gd,2,3.0,187500,
1443,,8854,Pave,Norm,Norm,1916.0,TA,1,2.0,121000,
434,21.0,1890,Pave,Norm,Norm,1972.0,TA,1,1.0,81000,
1189,60.0,7500,Pave,Norm,Norm,1999.0,TA,2,,189000,
352,60.0,9084,Pave,Artery,Norm,1941.0,TA,1,3.0,95000,
1191,24.0,2645,,Norm,Norm,1999.0,Gd,2,2.0,174000,
854,102.0,17920,Pave,Norm,Norm,1955.0,TA,1,3.0,170000,
126,,4928,Pave,Norm,Norm,1976.0,TA,2,2.0,128000,
591,97.0,13478,Pave,Norm,Norm,2008.0,Ex,2,3.0,451950,
1217,72.0,8640,Pave,Norm,Norm,2009.0,Gd,2,3.0,229456,
960,50.0,7207,Pave,Norm,Norm,1958.0,TA,1,2.0,116500,
1317,47.0,4230,Pave,Norm,Norm,2006.0,Gd,2,2.0,208900,
1264,34.0,4060,Pave,Norm,Norm,1998.0,Gd,2,2.0,181000,
1056,43.0,7052,,Norm,Norm,2005.0,Gd,2,2.0,185850,
1328,60.0,10440,Pave,Norm,Norm,1920.0,Gd,2,5.0,256000,
1089,37.0,3316,Pave,Norm,Norm,2005.0,Gd,1,1.0,197000,
1396,,57200,Pave,Norm,Norm,1948.0,TA,1,3.0,160000,
592,60.0,6600,Pave,Norm,Norm,1982.0,TA,1,2.0,138000,
1080,80.0,11040,Pave,Norm,Norm,1971.0,Gd,2,3.0,145000,
538,,11553,Pave,Norm,Norm,1968.0,TA,1,3.0,158000,
641,,7050,Pave,Norm,Norm,2001.0,Gd,2,3.0,226000,
40,84.0,8658,Pave,Norm,Norm,1965.0,TA,2,3.0,160000,
961,,12227,Pave,PosN,Norm,1977.0,TA,2,4.0,272000,
1309,,7153,Pave,Norm,Norm,1991.0,TA,2,3.0,179200,
558,57.0,21872,Pave,Norm,Norm,1996.0,TA,2,3.0,175000,
596,60.0,3600,Pave,Norm,Norm,1910.0,TA,1,3.0,114504,
1012,55.0,10592,Pave,Norm,Norm,1923.0,TA,1,3.0,165000,
1099,82.0,11880,Pave,RRAn,Norm,1978.0,TA,2,3.0,157000,
643,80.0,10793,Pave,RRAn,Norm,1969.0,TA,2,4.0,152000,
976,51.0,5900,Pave,Norm,Norm,1923.0,TA,1,2.0,85500,
850,36.0,4435,Pave,Norm,Norm,2003.0,Gd,1,1.0,131500,
1196,58.0,14054,Pave,Norm,Norm,2006.0,Gd,2,,219210,
741,65.0,6768,Pave,Feedr,Norm,1961.0,TA,1,3.0,142000,
1033,,8125,,Norm,Norm,2002.0,Gd,2,3.0,230000,
222,85.0,11475,Pave,RRAn,Norm,1975.0,TA,2,3.0,179900,
246,69.0,9142,Pave,Norm,Norm,1910.0,TA,2,4.0,137000,
870,60.0,6600,Pave,PosN,Norm,1962.0,TA,1,2.0,109500,
1122,,8926,Pave,Norm,Norm,1956.0,TA,1,3.0,112000,
1391,65.0,8944,Pave,Norm,Norm,1967.0,TA,2,4.0,124000,
800,79.0,12798,Pave,Feedr,Norm,1997.0,TA,2,4.0,200000,
1356,,9477,Pave,Norm,Norm,1966.0,TA,1,3.0,110000,
1247,,12328,Pave,Norm,Norm,1976.0,TA,1,3.0,169900,
467,79.0,9480,Pave,Artery,Norm,1942.0,TA,1,,146500,
1358,,2117,Pave,Norm,Norm,2000.0,Gd,2,3.0,177500,
817,,13265,,Norm,Norm,2002.0,Gd,2,3.0,271000,
1003,,11500,Pave,Feedr,RRAn,1976.0,TA,2,4.0,136905,
853,,12095,Pave,Norm,Norm,1964.0,TA,1,3.0,158000,
919,87.0,11029,Pave,Norm,Norm,1958.0,Ex,1,3.0,176500,
477,105.0,13693,Pave,Norm,Norm,2006.0,Ex,2,3.0,380000,
1149,50.0,9000,,Artery,Norm,1920.0,TA,1,3.0,143000,
1301,,7500,Pave,Norm,Norm,1942.0,TA,1,3.0,177500,
532,60.0,7200,Pave,Norm,Norm,1955.0,TA,1,2.0,107500,
234,,7851,Pave,Norm,Norm,2002.0,Gd,2,4.0,216500,
781,65.0,7153,Pave,Norm,Norm,1992.0,Gd,2,3.0,175900,
762,72.0,8640,Pave,Norm,Norm,2009.0,TA,2,3.0,215200,
258,80.0,12435,Pave,Norm,Norm,2001.0,Gd,2,3.0,231500,
1228,65.0,8769,Pave,Norm,Norm,2008.0,Ex,1,1.0,367294,
1333,60.0,7200,Pave,Norm,Norm,1938.0,TA,1,2.0,125500,
315,71.0,7795,Pave,Norm,Norm,2004.0,Gd,2,3.0,188500,
446,137.0,16492,Pave,PosA,Norm,1966.0,Gd,2,2.0,190000,
1253,,17542,Pave,Norm,Norm,1974.0,Gd,2,3.0,294000,
1410,79.0,12420,Pave,Norm,Norm,2001.0,Gd,2,3.0,230000,
450,70.0,5684,Pave,Norm,Norm,1930.0,TA,1,2.0,110000,
1247,,12328,Pave,Norm,Norm,1976.0,TA,1,3.0,169900,
783,,9101,Pave,Norm,Norm,1978.0,TA,1,1.0,165500,
54,60.0,7134,Pave,Norm,Norm,1955.0,TA,1,3.0,130000,
877,74.0,8834,Pave,Norm,Norm,2004.0,Gd,2,4.0,350000,
828,,28698,Pave,Norm,Norm,1967.0,TA,2,3.0,185000,
917,,17140,Pave,Norm,Norm,1956.0,TA,1,3.0,135000,
176,97.0,10029,Pave,Norm,Norm,1988.0,Gd,2,4.0,211000,
367,101.0,9150,,Norm,Norm,1962.0,TA,1,3.0,165000,
587,74.0,8740,Pave,Norm,Norm,1982.0,TA,1,2.0,137000,
849,80.0,9600,Pave,Feedr,Norm,1976.0,Gd,2,3.0,187000,
1355,102.0,10192,Pave,Norm,Norm,1968.0,TA,3,4.0,170000,
531,60.0,6155,Pave,RRNn,Feedr,1920.0,TA,2,3.0,128000,
239,52.0,8741,Pave,Norm,Norm,1945.0,TA,1,3.0,113000,
534,74.0,9056,Pave,Norm,Norm,2004.0,Gd,2,3.0,178000,
960,50.0,7207,Pave,Norm,Norm,1958.0,TA,1,2.0,116500,
1084,,13031,Pave,Norm,Norm,1995.0,TA,2,3.0,187500,
1366,68.0,9179,Pave,Norm,Norm,1999.0,Gd,2,3.0,193000,
337,70.0,9135,Pave,Norm,Norm,2002.0,Gd,2,3.0,214000,
770,,7252,Pave,Norm,Norm,1982.0,TA,1,2.0,134900,
468,98.0,11428,Pave,Norm,Norm,2006.0,Gd,2,3.0,250000,
817,,13265,,Norm,Norm,2002.0,Gd,2,3.0,271000,
461,60.0,7200,Pave,Feedr,Norm,1936.0,Gd,1,3.0,155000,
216,65.0,8450,Pave,Norm,Norm,2004.0,Gd,2,3.0,210000,
454,63.0,9297,Pave,Norm,Norm,1976.0,TA,2,4.0,188000,
1431,,4928,Pave,Norm,Norm,1976.0,TA,2,2.0,143750,
861,75.0,11625,Pave,Norm,Norm,1965.0,TA,1,3.0,131500,
314,60.0,9600,Pave,Norm,Norm,1925.0,TA,1,3.0,178000,
148,63.0,7500,Pave,Norm,Norm,2004.0,TA,1,3.0,141000,
832,44.0,9548,Pave,Norm,Norm,2003.0,Gd,2,3.0,237000,
817,,13265,,Norm,Norm,2002.0,Gd,2,3.0,271000,
590,64.0,8320,Pave,Norm,Norm,2004.0,Gd,2,3.0,185900,
496,,12692,Pave,Norm,Norm,1992.0,Gd,3,4.0,430000,
1321,,6627,Pave,Feedr,Norm,1949.0,TA,1,2.0,72500,
1088,24.0,2522,,Norm,Norm,2004.0,Gd,2,3.0,137500,
1134,57.0,8773,Pave,Norm,Norm,1997.0,TA,2,3.0,169000,
1342,,9375,,Norm,Norm,2002.0,Gd,2,3.0,228500,
1107,168.0,23257,Pave,Norm,Norm,2006.0,Gd,2,3.0,274725,
588,65.0,25095,Pave,Norm,Norm,1968.0,TA,1,1.0,143000,
123,55.0,7892,,Norm,Norm,1993.0,Gd,2,2.0,153900,
807,144.0,21384,Pave,Norm,Norm,1923.0,TA,1,3.0,223500,
172,44.0,5306,Pave,Norm,Norm,1987.0,Gd,2,2.0,239000,
620,45.0,8248,Pave,Norm,Norm,1914.0,TA,1,2.0,67000,
1249,60.0,7200,Pave,Norm,Norm,1950.0,TA,1,3.0,119000,
611,,10395,Pave,Norm,Norm,1978.0,TA,2,3.0,148000,
725,60.0,6960,Pave,Norm,Norm,1970.0,TA,1,3.0,120500,
494,50.0,5784,Pave,Artery,Norm,1938.0,TA,1,2.0,91300,
1060,41.0,4920,,Norm,Norm,2001.0,Gd,2,2.0,213500,
559,,3196,Pave,Norm,Norm,2003.0,Gd,2,2.0,234000,
57,89.0,11645,Pave,Norm,Norm,2004.0,Gd,2,3.0,196500,
532,60.0,7200,Pave,Norm,Norm,1955.0,TA,1,2.0,107500,
148,63.0,7500,Pave,Norm,Norm,2004.0,TA,1,3.0,141000,
94,69.0,9337,Pave,Norm,Norm,1997.0,TA,2,3.0,204750,
665,106.0,11194,Pave,Norm,Norm,2000.0,Gd,2,3.0,230500,
33,70.0,10552,Pave,Norm,Norm,1959.0,TA,1,4.0,165500,
663,90.0,10012,Pave,Norm,Norm,1972.0,TA,2,3.0,137500,
1218,52.0,6240,Pave,Norm,Norm,1947.0,TA,1,2.0,80500,
1446,,26142,,Norm,Norm,1962.0,TA,1,3.0,157900,
625,87.0,10000,Pave,Norm,Norm,1962.0,TA,1,3.0,160000,
1195,51.0,8029,Pave,Norm,Norm,2005.0,TA,2,3.0,176000,
783,,9101,Pave,Norm,Norm,1978.0,TA,1,1.0,165500,
1166,64.0,10475,Pave,Norm,Norm,2008.0,Gd,2,3.0,245350,
1127,182.0,14572,Pave,Norm,Norm,2004.0,Gd,2,3.0,259000,
1215,99.0,7094,Pave,Norm,Norm,1966.0,TA,1,3.0,125000,
365,59.0,10690,Pave,Norm,Norm,1920.0,TA,1,3.0,147000,
